0,D:\projectPath1\nostub\removeDocument\train-ticket\ts-admin-basic-info-service\src\main\java\adminbasic\AdminBasicInfoApplication.java,1,32
1,D:\projectPath1\nostub\removeDocument\train-ticket\ts-admin-basic-info-service\src\main\java\adminbasic\config\SecurityConfig.java,1,89
2,D:\projectPath1\nostub\removeDocument\train-ticket\ts-admin-basic-info-service\src\main\java\adminbasic\controller\AdminBasicInfoController.java,1,170
3,D:\projectPath1\nostub\removeDocument\train-ticket\ts-admin-basic-info-service\src\main\java\adminbasic\entity\Config.java,1,43
4,D:\projectPath1\nostub\removeDocument\train-ticket\ts-admin-basic-info-service\src\main\java\adminbasic\entity\Contacts.java,1,55
5,D:\projectPath1\nostub\removeDocument\train-ticket\ts-admin-basic-info-service\src\main\java\adminbasic\entity\PriceInfo.java,1,63
6,D:\projectPath1\nostub\removeDocument\train-ticket\ts-admin-basic-info-service\src\main\java\adminbasic\entity\Station.java,1,61
7,D:\projectPath1\nostub\removeDocument\train-ticket\ts-admin-basic-info-service\src\main\java\adminbasic\entity\TrainType.java,1,67
8,D:\projectPath1\nostub\removeDocument\train-ticket\ts-admin-basic-info-service\src\main\java\adminbasic\service\AdminBasicInfoService.java,1,198
9,D:\projectPath1\nostub\removeDocument\train-ticket\ts-admin-basic-info-service\src\main\java\adminbasic\service\AdminBasicInfoServiceImpl.java,1,318
10,D:\projectPath1\nostub\removeDocument\train-ticket\ts-admin-order-service\src\main\java\adminorder\AdminOrderApplication.java,1,31
11,D:\projectPath1\nostub\removeDocument\train-ticket\ts-admin-order-service\src\main\java\adminorder\config\SecurityConfig.java,1,82
12,D:\projectPath1\nostub\removeDocument\train-ticket\ts-admin-order-service\src\main\java\adminorder\controller\AdminOrderController.java,1,49
13,D:\projectPath1\nostub\removeDocument\train-ticket\ts-admin-order-service\src\main\java\adminorder\entity\Order.java,1,92
14,D:\projectPath1\nostub\removeDocument\train-ticket\ts-admin-order-service\src\main\java\adminorder\entity\OrderStatus.java,1,64
15,D:\projectPath1\nostub\removeDocument\train-ticket\ts-admin-order-service\src\main\java\adminorder\entity\SeatClass.java,1,71
16,D:\projectPath1\nostub\removeDocument\train-ticket\ts-admin-order-service\src\main\java\adminorder\service\AdminOrderService.java,1,49
17,D:\projectPath1\nostub\removeDocument\train-ticket\ts-admin-order-service\src\main\java\adminorder\service\AdminOrderServiceImpl.java,1,163
18,D:\projectPath1\nostub\removeDocument\train-ticket\ts-admin-route-service\src\main\java\adminroute\AdminRouteApplication.java,1,31
19,D:\projectPath1\nostub\removeDocument\train-ticket\ts-admin-route-service\src\main\java\adminroute\config\SecurityConfig.java,1,82
20,D:\projectPath1\nostub\removeDocument\train-ticket\ts-admin-route-service\src\main\java\adminroute\controller\AdminRouteController.java,1,43
21,D:\projectPath1\nostub\removeDocument\train-ticket\ts-admin-route-service\src\main\java\adminroute\entity\Route.java,1,65
22,D:\projectPath1\nostub\removeDocument\train-ticket\ts-admin-route-service\src\main\java\adminroute\entity\RouteInfo.java,1,71
23,D:\projectPath1\nostub\removeDocument\train-ticket\ts-admin-route-service\src\main\java\adminroute\service\AdminRouteService.java,1,38
24,D:\projectPath1\nostub\removeDocument\train-ticket\ts-admin-route-service\src\main\java\adminroute\service\AdminRouteServiceImpl.java,1,64
25,D:\projectPath1\nostub\removeDocument\train-ticket\ts-admin-travel-service\src\main\java\admintravel\AdminTravelApplication.java,1,31
26,D:\projectPath1\nostub\removeDocument\train-ticket\ts-admin-travel-service\src\main\java\admintravel\config\SecurityConfig.java,1,82
27,D:\projectPath1\nostub\removeDocument\train-ticket\ts-admin-travel-service\src\main\java\admintravel\controller\AdminTravelController.java,1,47
28,D:\projectPath1\nostub\removeDocument\train-ticket\ts-admin-travel-service\src\main\java\admintravel\entity\AdminTrip.java,1,39
29,D:\projectPath1\nostub\removeDocument\train-ticket\ts-admin-travel-service\src\main\java\admintravel\entity\Route.java,1,66
30,D:\projectPath1\nostub\removeDocument\train-ticket\ts-admin-travel-service\src\main\java\admintravel\entity\TrainType.java,1,65
31,D:\projectPath1\nostub\removeDocument\train-ticket\ts-admin-travel-service\src\main\java\admintravel\entity\TravelInfo.java,1,105
32,D:\projectPath1\nostub\removeDocument\train-ticket\ts-admin-travel-service\src\main\java\admintravel\entity\Trip.java,1,115
33,D:\projectPath1\nostub\removeDocument\train-ticket\ts-admin-travel-service\src\main\java\admintravel\entity\TripId.java,1,57
34,D:\projectPath1\nostub\removeDocument\train-ticket\ts-admin-travel-service\src\main\java\admintravel\entity\Type.java,1,64
35,D:\projectPath1\nostub\removeDocument\train-ticket\ts-admin-travel-service\src\main\java\admintravel\service\AdminTravelService.java,1,47
36,D:\projectPath1\nostub\removeDocument\train-ticket\ts-admin-travel-service\src\main\java\admintravel\service\AdminTravelServiceImpl.java,1,140
37,D:\projectPath1\nostub\removeDocument\train-ticket\ts-admin-user-service\src\main\java\adminuser\AdminUserApplication.java,1,31
38,D:\projectPath1\nostub\removeDocument\train-ticket\ts-admin-user-service\src\main\java\adminuser\config\SecurityConfig.java,1,82
39,D:\projectPath1\nostub\removeDocument\train-ticket\ts-admin-user-service\src\main\java\adminuser\controller\AdminUserController.java,1,49
40,D:\projectPath1\nostub\removeDocument\train-ticket\ts-admin-user-service\src\main\java\adminuser\dto\UserDto.java,1,27
41,D:\projectPath1\nostub\removeDocument\train-ticket\ts-admin-user-service\src\main\java\adminuser\entity\Account.java,1,107
42,D:\projectPath1\nostub\removeDocument\train-ticket\ts-admin-user-service\src\main\java\adminuser\entity\DocumentType.java,1,51
43,D:\projectPath1\nostub\removeDocument\train-ticket\ts-admin-user-service\src\main\java\adminuser\entity\Gender.java,1,52
44,D:\projectPath1\nostub\removeDocument\train-ticket\ts-admin-user-service\src\main\java\adminuser\entity\User.java,1,32
45,D:\projectPath1\nostub\removeDocument\train-ticket\ts-admin-user-service\src\main\java\adminuser\service\AdminUserService.java,1,47
46,D:\projectPath1\nostub\removeDocument\train-ticket\ts-admin-user-service\src\main\java\adminuser\service\AdminUserServiceImpl.java,1,86
47,D:\projectPath1\nostub\removeDocument\train-ticket\ts-assurance-service\src\main\java\assurance\AssuranceApplication.java,1,32
48,D:\projectPath1\nostub\removeDocument\train-ticket\ts-assurance-service\src\main\java\assurance\config\SecurityConfig.java,1,82
49,D:\projectPath1\nostub\removeDocument\train-ticket\ts-assurance-service\src\main\java\assurance\controller\AssuranceController.java,1,90
50,D:\projectPath1\nostub\removeDocument\train-ticket\ts-assurance-service\src\main\java\assurance\entity\Assurance.java,1,66
51,D:\projectPath1\nostub\removeDocument\train-ticket\ts-assurance-service\src\main\java\assurance\entity\AssuranceType.java,1,70
52,D:\projectPath1\nostub\removeDocument\train-ticket\ts-assurance-service\src\main\java\assurance\entity\AssuranceTypeBean.java,1,49
53,D:\projectPath1\nostub\removeDocument\train-ticket\ts-assurance-service\src\main\java\assurance\entity\PlainAssurance.java,1,68
54,D:\projectPath1\nostub\removeDocument\train-ticket\ts-assurance-service\src\main\java\assurance\init\InitData.java,1,16
55,D:\projectPath1\nostub\removeDocument\train-ticket\ts-assurance-service\src\main\java\assurance\repository\AssuranceRepository.java,1,57
56,D:\projectPath1\nostub\removeDocument\train-ticket\ts-assurance-service\src\main\java\assurance\service\AssuranceService.java,1,86
57,D:\projectPath1\nostub\removeDocument\train-ticket\ts-assurance-service\src\main\java\assurance\service\AssuranceServiceImpl.java,1,150
58,D:\projectPath1\nostub\removeDocument\train-ticket\ts-auth-service\src\main\java\auth\AuthApplication.java,1,24
59,D:\projectPath1\nostub\removeDocument\train-ticket\ts-auth-service\src\main\java\auth\config\WebSecurityConfig.java,1,101
60,D:\projectPath1\nostub\removeDocument\train-ticket\ts-auth-service\src\main\java\auth\constant\AuthConstant.java,1,15
61,D:\projectPath1\nostub\removeDocument\train-ticket\ts-auth-service\src\main\java\auth\constant\InfoConstant.java,1,29
62,D:\projectPath1\nostub\removeDocument\train-ticket\ts-auth-service\src\main\java\auth\controller\AuthController.java,1,43
63,D:\projectPath1\nostub\removeDocument\train-ticket\ts-auth-service\src\main\java\auth\controller\UserController.java,1,51
64,D:\projectPath1\nostub\removeDocument\train-ticket\ts-auth-service\src\main\java\auth\dto\AuthDto.java,1,20
65,D:\projectPath1\nostub\removeDocument\train-ticket\ts-auth-service\src\main\java\auth\dto\BasicAuthDto.java,1,25
66,D:\projectPath1\nostub\removeDocument\train-ticket\ts-auth-service\src\main\java\auth\dto\TokenDto.java,1,26
67,D:\projectPath1\nostub\removeDocument\train-ticket\ts-auth-service\src\main\java\auth\entity\User.java,1,69
68,D:\projectPath1\nostub\removeDocument\train-ticket\ts-auth-service\src\main\java\auth\exception\handler\GlobalExceptionHandler.java,1,21
69,D:\projectPath1\nostub\removeDocument\train-ticket\ts-auth-service\src\main\java\auth\exception\UserOperationException.java,1,13
70,D:\projectPath1\nostub\removeDocument\train-ticket\ts-auth-service\src\main\java\auth\init\InitUser.java,1,52
71,D:\projectPath1\nostub\removeDocument\train-ticket\ts-auth-service\src\main\java\auth\repository\UserRepository.java,1,30
72,D:\projectPath1\nostub\removeDocument\train-ticket\ts-auth-service\src\main\java\auth\security\jwt\JWTProvider.java,1,45
73,D:\projectPath1\nostub\removeDocument\train-ticket\ts-auth-service\src\main\java\auth\security\UserDetailsServiceImpl.java,1,33
74,D:\projectPath1\nostub\removeDocument\train-ticket\ts-auth-service\src\main\java\auth\service\impl\TokenServiceImpl.java,1,86
75,D:\projectPath1\nostub\removeDocument\train-ticket\ts-auth-service\src\main\java\auth\service\impl\UserServiceImpl.java,1,101
76,D:\projectPath1\nostub\removeDocument\train-ticket\ts-auth-service\src\main\java\auth\service\TokenService.java,1,23
77,D:\projectPath1\nostub\removeDocument\train-ticket\ts-auth-service\src\main\java\auth\service\UserService.java,1,50
78,D:\projectPath1\nostub\removeDocument\train-ticket\ts-basic-service\src\main\java\fdse\microservice\BasicApplication.java,1,32
79,D:\projectPath1\nostub\removeDocument\train-ticket\ts-basic-service\src\main\java\fdse\microservice\config\SecurityConfig.java,1,82
80,D:\projectPath1\nostub\removeDocument\train-ticket\ts-basic-service\src\main\java\fdse\microservice\controller\BasicController.java,1,40
81,D:\projectPath1\nostub\removeDocument\train-ticket\ts-basic-service\src\main\java\fdse\microservice\entity\Contacts.java,1,98
82,D:\projectPath1\nostub\removeDocument\train-ticket\ts-basic-service\src\main\java\fdse\microservice\entity\PriceConfig.java,1,64
83,D:\projectPath1\nostub\removeDocument\train-ticket\ts-basic-service\src\main\java\fdse\microservice\entity\Route.java,1,29
84,D:\projectPath1\nostub\removeDocument\train-ticket\ts-basic-service\src\main\java\fdse\microservice\entity\TrainType.java,1,58
85,D:\projectPath1\nostub\removeDocument\train-ticket\ts-basic-service\src\main\java\fdse\microservice\entity\Travel.java,1,51
86,D:\projectPath1\nostub\removeDocument\train-ticket\ts-basic-service\src\main\java\fdse\microservice\entity\TravelResult.java,1,26
87,D:\projectPath1\nostub\removeDocument\train-ticket\ts-basic-service\src\main\java\fdse\microservice\entity\Trip.java,1,134
88,D:\projectPath1\nostub\removeDocument\train-ticket\ts-basic-service\src\main\java\fdse\microservice\entity\TripId.java,1,56
89,D:\projectPath1\nostub\removeDocument\train-ticket\ts-basic-service\src\main\java\fdse\microservice\entity\Type.java,1,64
90,D:\projectPath1\nostub\removeDocument\train-ticket\ts-basic-service\src\main\java\fdse\microservice\service\BasicService.java,1,31
91,D:\projectPath1\nostub\removeDocument\train-ticket\ts-basic-service\src\main\java\fdse\microservice\service\BasicServiceImpl.java,1,177
92,D:\projectPath1\nostub\removeDocument\train-ticket\ts-cancel-service\src\main\java\cancel\CancelApplication.java,1,32
93,D:\projectPath1\nostub\removeDocument\train-ticket\ts-cancel-service\src\main\java\cancel\config\SecurityConfig.java,1,82
94,D:\projectPath1\nostub\removeDocument\train-ticket\ts-cancel-service\src\main\java\cancel\controller\CancelController.java,1,52
95,D:\projectPath1\nostub\removeDocument\train-ticket\ts-cancel-service\src\main\java\cancel\entity\Account.java,1,91
96,D:\projectPath1\nostub\removeDocument\train-ticket\ts-cancel-service\src\main\java\cancel\entity\DocumentType.java,1,51
97,D:\projectPath1\nostub\removeDocument\train-ticket\ts-cancel-service\src\main\java\cancel\entity\Gender.java,1,52
98,D:\projectPath1\nostub\removeDocument\train-ticket\ts-cancel-service\src\main\java\cancel\entity\GetAccountByIdInfo.java,1,22
99,D:\projectPath1\nostub\removeDocument\train-ticket\ts-cancel-service\src\main\java\cancel\entity\GetAccountByIdResult.java,1,42
100,D:\projectPath1\nostub\removeDocument\train-ticket\ts-cancel-service\src\main\java\cancel\entity\GetOrderByIdInfo.java,1,22
101,D:\projectPath1\nostub\removeDocument\train-ticket\ts-cancel-service\src\main\java\cancel\entity\NotifyInfo.java,1,103
102,D:\projectPath1\nostub\removeDocument\train-ticket\ts-cancel-service\src\main\java\cancel\entity\Order.java,1,234
103,D:\projectPath1\nostub\removeDocument\train-ticket\ts-cancel-service\src\main\java\cancel\entity\OrderStatus.java,1,64
104,D:\projectPath1\nostub\removeDocument\train-ticket\ts-cancel-service\src\main\java\cancel\entity\SeatClass.java,1,71
105,D:\projectPath1\nostub\removeDocument\train-ticket\ts-cancel-service\src\main\java\cancel\entity\User.java,1,32
106,D:\projectPath1\nostub\removeDocument\train-ticket\ts-cancel-service\src\main\java\cancel\entity\VerifyResult.java,1,32
107,D:\projectPath1\nostub\removeDocument\train-ticket\ts-cancel-service\src\main\java\cancel\service\CancelService.java,1,32
108,D:\projectPath1\nostub\removeDocument\train-ticket\ts-cancel-service\src\main\java\cancel\service\CancelServiceImpl.java,1,299
109,D:\projectPath1\nostub\removeDocument\train-ticket\ts-common\src\main\java\edu\fudan\common\config\SwaggerConfig.java,1,46
110,D:\projectPath1\nostub\removeDocument\train-ticket\ts-common\src\main\java\edu\fudan\common\exception\BaseException.java,1,15
111,D:\projectPath1\nostub\removeDocument\train-ticket\ts-common\src\main\java\edu\fudan\common\exception\TokenException.java,1,12
112,D:\projectPath1\nostub\removeDocument\train-ticket\ts-common\src\main\java\edu\fudan\common\security\jwt\JWTFilter.java,1,33
113,D:\projectPath1\nostub\removeDocument\train-ticket\ts-common\src\main\java\edu\fudan\common\security\jwt\JWTUtil.java,1,123
114,D:\projectPath1\nostub\removeDocument\train-ticket\ts-common\src\main\java\edu\fudan\common\util\JsonUtils.java,1,76
115,D:\projectPath1\nostub\removeDocument\train-ticket\ts-common\src\main\java\edu\fudan\common\util\Response.java,1,25
116,D:\projectPath1\nostub\removeDocument\train-ticket\ts-config-service\src\main\java\config\ConfigApplication.java,1,32
117,D:\projectPath1\nostub\removeDocument\train-ticket\ts-config-service\src\main\java\config\controller\ConfigController.java,1,65
118,D:\projectPath1\nostub\removeDocument\train-ticket\ts-config-service\src\main\java\config\entity\Config.java,1,61
119,D:\projectPath1\nostub\removeDocument\train-ticket\ts-config-service\src\main\java\config\init\InitData.java,1,29
120,D:\projectPath1\nostub\removeDocument\train-ticket\ts-config-service\src\main\java\config\repository\ConfigRepository.java,1,37
121,D:\projectPath1\nostub\removeDocument\train-ticket\ts-config-service\src\main\java\config\SecurityConfig.java,1,88
122,D:\projectPath1\nostub\removeDocument\train-ticket\ts-config-service\src\main\java\config\service\ConfigService.java,1,57
123,D:\projectPath1\nostub\removeDocument\train-ticket\ts-config-service\src\main\java\config\service\ConfigServiceImpl.java,1,83
124,D:\projectPath1\nostub\removeDocument\train-ticket\ts-consign-price-service\src\main\java\consignprice\config\SecurityConfig.java,1,82
125,D:\projectPath1\nostub\removeDocument\train-ticket\ts-consign-price-service\src\main\java\consignprice\ConsignPriceApplication.java,1,39
126,D:\projectPath1\nostub\removeDocument\train-ticket\ts-consign-price-service\src\main\java\consignprice\controller\ConsignPriceController.java,1,50
127,D:\projectPath1\nostub\removeDocument\train-ticket\ts-consign-price-service\src\main\java\consignprice\entity\ConsignPrice.java,1,73
128,D:\projectPath1\nostub\removeDocument\train-ticket\ts-consign-price-service\src\main\java\consignprice\init\InitData.java,1,37
129,D:\projectPath1\nostub\removeDocument\train-ticket\ts-consign-price-service\src\main\java\consignprice\repository\ConsignPriceConfigRepository.java,1,24
130,D:\projectPath1\nostub\removeDocument\train-ticket\ts-consign-price-service\src\main\java\consignprice\service\ConsignPriceService.java,1,47
131,D:\projectPath1\nostub\removeDocument\train-ticket\ts-consign-price-service\src\main\java\consignprice\service\ConsignPriceServiceImpl.java,1,84
132,D:\projectPath1\nostub\removeDocument\train-ticket\ts-consign-service\src\main\java\consign\config\SecurityConfig.java,1,82
133,D:\projectPath1\nostub\removeDocument\train-ticket\ts-consign-service\src\main\java\consign\ConsignApplication.java,1,31
134,D:\projectPath1\nostub\removeDocument\train-ticket\ts-consign-service\src\main\java\consign\controller\ConsignController.java,1,58
135,D:\projectPath1\nostub\removeDocument\train-ticket\ts-consign-service\src\main\java\consign\entity\Consign.java,1,32
136,D:\projectPath1\nostub\removeDocument\train-ticket\ts-consign-service\src\main\java\consign\entity\ConsignRecord.java,1,36
137,D:\projectPath1\nostub\removeDocument\train-ticket\ts-consign-service\src\main\java\consign\entity\GetPriceDomain.java,1,30
138,D:\projectPath1\nostub\removeDocument\train-ticket\ts-consign-service\src\main\java\consign\entity\InsertConsignRecordResult.java,1,31
139,D:\projectPath1\nostub\removeDocument\train-ticket\ts-consign-service\src\main\java\consign\repository\ConsignRepository.java,1,48
140,D:\projectPath1\nostub\removeDocument\train-ticket\ts-consign-service\src\main\java\consign\service\ConsignService.java,1,60
141,D:\projectPath1\nostub\removeDocument\train-ticket\ts-consign-service\src\main\java\consign\service\ConsignServiceImpl.java,1,138
142,D:\projectPath1\nostub\removeDocument\train-ticket\ts-contacts-service\src\main\java\contacts\config\SecurityConfig.java,1,82
143,D:\projectPath1\nostub\removeDocument\train-ticket\ts-contacts-service\src\main\java\contacts\ContactsApplication.java,1,32
144,D:\projectPath1\nostub\removeDocument\train-ticket\ts-contacts-service\src\main\java\contacts\controller\ContactsController.java,1,91
145,D:\projectPath1\nostub\removeDocument\train-ticket\ts-contacts-service\src\main\java\contacts\entity\Contacts.java,1,106
146,D:\projectPath1\nostub\removeDocument\train-ticket\ts-contacts-service\src\main\java\contacts\entity\DocumentType.java,1,51
147,D:\projectPath1\nostub\removeDocument\train-ticket\ts-contacts-service\src\main\java\contacts\init\InitData.java,1,41
148,D:\projectPath1\nostub\removeDocument\train-ticket\ts-contacts-service\src\main\java\contacts\repository\ContactsRepository.java,1,50
149,D:\projectPath1\nostub\removeDocument\train-ticket\ts-contacts-service\src\main\java\contacts\service\ContactsService.java,1,77
150,D:\projectPath1\nostub\removeDocument\train-ticket\ts-contacts-service\src\main\java\contacts\service\ContactsServiceImpl.java,1,128
151,D:\projectPath1\nostub\removeDocument\train-ticket\ts-execute-service\src\main\java\execute\config\SecurityConfig.java,1,82
152,D:\projectPath1\nostub\removeDocument\train-ticket\ts-execute-service\src\main\java\execute\controller\ExecuteControlller.java,1,46
153,D:\projectPath1\nostub\removeDocument\train-ticket\ts-execute-service\src\main\java\execute\entity\Order.java,1,236
154,D:\projectPath1\nostub\removeDocument\train-ticket\ts-execute-service\src\main\java\execute\entity\OrderStatus.java,1,64
155,D:\projectPath1\nostub\removeDocument\train-ticket\ts-execute-service\src\main\java\execute\entity\SeatClass.java,1,71
156,D:\projectPath1\nostub\removeDocument\train-ticket\ts-execute-service\src\main\java\execute\ExecuteApplication.java,1,32
157,D:\projectPath1\nostub\removeDocument\train-ticket\ts-execute-service\src\main\java\execute\serivce\ExecuteService.java,1,30
158,D:\projectPath1\nostub\removeDocument\train-ticket\ts-execute-service\src\main\java\execute\serivce\ExecuteServiceImpl.java,1,161
159,D:\projectPath1\nostub\removeDocument\train-ticket\ts-food-map-service\src\main\java\food\config\SecurityConfig.java,1,75
160,D:\projectPath1\nostub\removeDocument\train-ticket\ts-food-map-service\src\main\java\food\controller\FoodStoreController.java,1,49
161,D:\projectPath1\nostub\removeDocument\train-ticket\ts-food-map-service\src\main\java\food\controller\TrainFoodController.java,1,41
162,D:\projectPath1\nostub\removeDocument\train-ticket\ts-food-map-service\src\main\java\food\entity\Food.java,1,30
163,D:\projectPath1\nostub\removeDocument\train-ticket\ts-food-map-service\src\main\java\food\entity\FoodStore.java,1,93
164,D:\projectPath1\nostub\removeDocument\train-ticket\ts-food-map-service\src\main\java\food\entity\TrainFood.java,1,53
165,D:\projectPath1\nostub\removeDocument\train-ticket\ts-food-map-service\src\main\java\food\FoodMapApplication.java,1,21
166,D:\projectPath1\nostub\removeDocument\train-ticket\ts-food-map-service\src\main\java\food\init\InitData.java,1,106
167,D:\projectPath1\nostub\removeDocument\train-ticket\ts-food-map-service\src\main\java\food\repository\FoodStoreRepository.java,1,26
168,D:\projectPath1\nostub\removeDocument\train-ticket\ts-food-map-service\src\main\java\food\repository\TrainFoodRepository.java,1,25
169,D:\projectPath1\nostub\removeDocument\train-ticket\ts-food-map-service\src\main\java\food\service\FoodMapService.java,1,28
170,D:\projectPath1\nostub\removeDocument\train-ticket\ts-food-map-service\src\main\java\food\service\FoodMapServiceImpl.java,1,104
171,D:\projectPath1\nostub\removeDocument\train-ticket\ts-food-service\src\main\java\foodsearch\config\SecurityConfig.java,1,85
172,D:\projectPath1\nostub\removeDocument\train-ticket\ts-food-service\src\main\java\foodsearch\controller\FoodController.java,1,71
173,D:\projectPath1\nostub\removeDocument\train-ticket\ts-food-service\src\main\java\foodsearch\entity\AllTripFood.java,1,32
174,D:\projectPath1\nostub\removeDocument\train-ticket\ts-food-service\src\main\java\foodsearch\entity\Food.java,1,34
175,D:\projectPath1\nostub\removeDocument\train-ticket\ts-food-service\src\main\java\foodsearch\entity\FoodOrder.java,1,89
176,D:\projectPath1\nostub\removeDocument\train-ticket\ts-food-service\src\main\java\foodsearch\entity\FoodStore.java,1,85
177,D:\projectPath1\nostub\removeDocument\train-ticket\ts-food-service\src\main\java\foodsearch\entity\Route.java,1,31
178,D:\projectPath1\nostub\removeDocument\train-ticket\ts-food-service\src\main\java\foodsearch\entity\TrainFood.java,1,46
179,D:\projectPath1\nostub\removeDocument\train-ticket\ts-food-service\src\main\java\foodsearch\FoodApplication.java,1,30
180,D:\projectPath1\nostub\removeDocument\train-ticket\ts-food-service\src\main\java\foodsearch\repository\FoodOrderRepository.java,1,27
181,D:\projectPath1\nostub\removeDocument\train-ticket\ts-food-service\src\main\java\foodsearch\service\FoodService.java,1,22
182,D:\projectPath1\nostub\removeDocument\train-ticket\ts-food-service\src\main\java\foodsearch\service\FoodServiceImpl.java,1,229
183,D:\projectPath1\nostub\removeDocument\train-ticket\ts-inside-payment-service\src\main\java\inside_payment\async\AsyncTask.java,1,34
184,D:\projectPath1\nostub\removeDocument\train-ticket\ts-inside-payment-service\src\main\java\inside_payment\async\ExecutorConfig.java,1,50
185,D:\projectPath1\nostub\removeDocument\train-ticket\ts-inside-payment-service\src\main\java\inside_payment\config\SecurityConfig.java,1,82
186,D:\projectPath1\nostub\removeDocument\train-ticket\ts-inside-payment-service\src\main\java\inside_payment\controller\InsidePaymentController.java,1,74
187,D:\projectPath1\nostub\removeDocument\train-ticket\ts-inside-payment-service\src\main\java\inside_payment\entity\AccountInfo.java,1,33
188,D:\projectPath1\nostub\removeDocument\train-ticket\ts-inside-payment-service\src\main\java\inside_payment\entity\Balance.java,1,40
189,D:\projectPath1\nostub\removeDocument\train-ticket\ts-inside-payment-service\src\main\java\inside_payment\entity\Money.java,1,72
190,D:\projectPath1\nostub\removeDocument\train-ticket\ts-inside-payment-service\src\main\java\inside_payment\entity\MoneyType.java,1,52
191,D:\projectPath1\nostub\removeDocument\train-ticket\ts-inside-payment-service\src\main\java\inside_payment\entity\Order.java,1,236
192,D:\projectPath1\nostub\removeDocument\train-ticket\ts-inside-payment-service\src\main\java\inside_payment\entity\OrderStatus.java,1,64
193,D:\projectPath1\nostub\removeDocument\train-ticket\ts-inside-payment-service\src\main\java\inside_payment\entity\OutsidePaymentInfo.java,1,39
194,D:\projectPath1\nostub\removeDocument\train-ticket\ts-inside-payment-service\src\main\java\inside_payment\entity\Payment.java,1,83
195,D:\projectPath1\nostub\removeDocument\train-ticket\ts-inside-payment-service\src\main\java\inside_payment\entity\PaymentInfo.java,1,48
196,D:\projectPath1\nostub\removeDocument\train-ticket\ts-inside-payment-service\src\main\java\inside_payment\entity\PaymentType.java,1,60
197,D:\projectPath1\nostub\removeDocument\train-ticket\ts-inside-payment-service\src\main\java\inside_payment\entity\SeatClass.java,1,71
198,D:\projectPath1\nostub\removeDocument\train-ticket\ts-inside-payment-service\src\main\java\inside_payment\init\InitData.java,1,42
199,D:\projectPath1\nostub\removeDocument\train-ticket\ts-inside-payment-service\src\main\java\inside_payment\InsidePaymentApplication.java,1,31
200,D:\projectPath1\nostub\removeDocument\train-ticket\ts-inside-payment-service\src\main\java\inside_payment\repository\AddMoneyRepository.java,1,29
201,D:\projectPath1\nostub\removeDocument\train-ticket\ts-inside-payment-service\src\main\java\inside_payment\repository\PaymentRepository.java,1,45
202,D:\projectPath1\nostub\removeDocument\train-ticket\ts-inside-payment-service\src\main\java\inside_payment\service\InsidePaymentService.java,1,95
203,D:\projectPath1\nostub\removeDocument\train-ticket\ts-inside-payment-service\src\main\java\inside_payment\service\InsidePaymentServiceImpl.java,1,349
204,D:\projectPath1\nostub\removeDocument\train-ticket\ts-inside-payment-service\src\main\java\inside_payment\util\CookieUtil.java,1,49
205,D:\projectPath1\nostub\removeDocument\train-ticket\ts-notification-service\src\main\java\notification\config\EmailConfig.java,1,21
206,D:\projectPath1\nostub\removeDocument\train-ticket\ts-notification-service\src\main\java\notification\config\EmailProperties.java,1,51
207,D:\projectPath1\nostub\removeDocument\train-ticket\ts-notification-service\src\main\java\notification\config\SecurityConfig.java,1,82
208,D:\projectPath1\nostub\removeDocument\train-ticket\ts-notification-service\src\main\java\notification\controller\NotificationController.java,1,45
209,D:\projectPath1\nostub\removeDocument\train-ticket\ts-notification-service\src\main\java\notification\entity\Mail.java,1,110
210,D:\projectPath1\nostub\removeDocument\train-ticket\ts-notification-service\src\main\java\notification\entity\NotifyInfo.java,1,103
211,D:\projectPath1\nostub\removeDocument\train-ticket\ts-notification-service\src\main\java\notification\NotificationApplication.java,1,16
212,D:\projectPath1\nostub\removeDocument\train-ticket\ts-notification-service\src\main\java\notification\service\MailService.java,1,49
213,D:\projectPath1\nostub\removeDocument\train-ticket\ts-notification-service\src\main\java\notification\service\NotificationService.java,1,48
214,D:\projectPath1\nostub\removeDocument\train-ticket\ts-notification-service\src\main\java\notification\service\NotificationServiceImpl.java,1,138
215,D:\projectPath1\nostub\removeDocument\train-ticket\ts-order-other-service\src\main\java\other\config\SecurityConfig.java,1,91
216,D:\projectPath1\nostub\removeDocument\train-ticket\ts-order-other-service\src\main\java\other\controller\OrderOtherController.java,1,149
217,D:\projectPath1\nostub\removeDocument\train-ticket\ts-order-other-service\src\main\java\other\entity\LeftTicketInfo.java,1,34
218,D:\projectPath1\nostub\removeDocument\train-ticket\ts-order-other-service\src\main\java\other\entity\Order.java,1,239
219,D:\projectPath1\nostub\removeDocument\train-ticket\ts-order-other-service\src\main\java\other\entity\OrderAlterInfo.java,1,54
220,D:\projectPath1\nostub\removeDocument\train-ticket\ts-order-other-service\src\main\java\other\entity\OrderSecurity.java,1,32
221,D:\projectPath1\nostub\removeDocument\train-ticket\ts-order-other-service\src\main\java\other\entity\OrderStatus.java,1,64
222,D:\projectPath1\nostub\removeDocument\train-ticket\ts-order-other-service\src\main\java\other\entity\QueryInfo.java,1,109
223,D:\projectPath1\nostub\removeDocument\train-ticket\ts-order-other-service\src\main\java\other\entity\Seat.java,1,80
224,D:\projectPath1\nostub\removeDocument\train-ticket\ts-order-other-service\src\main\java\other\entity\SeatClass.java,1,71
225,D:\projectPath1\nostub\removeDocument\train-ticket\ts-order-other-service\src\main\java\other\entity\SoldTicket.java,1,132
226,D:\projectPath1\nostub\removeDocument\train-ticket\ts-order-other-service\src\main\java\other\entity\Ticket.java,1,42
227,D:\projectPath1\nostub\removeDocument\train-ticket\ts-order-other-service\src\main\java\other\entity\TrainType.java,1,75
228,D:\projectPath1\nostub\removeDocument\train-ticket\ts-order-other-service\src\main\java\other\init\InitData.java,1,45
229,D:\projectPath1\nostub\removeDocument\train-ticket\ts-order-other-service\src\main\java\other\OrderOtherApplication.java,1,33
230,D:\projectPath1\nostub\removeDocument\train-ticket\ts-order-other-service\src\main\java\other\repository\OrderOtherRepository.java,1,61
231,D:\projectPath1\nostub\removeDocument\train-ticket\ts-order-other-service\src\main\java\other\service\OrderOtherService.java,1,53
232,D:\projectPath1\nostub\removeDocument\train-ticket\ts-order-other-service\src\main\java\other\service\OrderOtherServiceImpl.java,1,432
233,D:\projectPath1\nostub\removeDocument\train-ticket\ts-order-service\src\main\java\order\config\SecurityConfig.java,1,91
234,D:\projectPath1\nostub\removeDocument\train-ticket\ts-order-service\src\main\java\order\controller\OrderController.java,1,159
235,D:\projectPath1\nostub\removeDocument\train-ticket\ts-order-service\src\main\java\order\entity\LeftTicketInfo.java,1,34
236,D:\projectPath1\nostub\removeDocument\train-ticket\ts-order-service\src\main\java\order\entity\Order.java,1,244
237,D:\projectPath1\nostub\removeDocument\train-ticket\ts-order-service\src\main\java\order\entity\OrderAlterInfo.java,1,54
238,D:\projectPath1\nostub\removeDocument\train-ticket\ts-order-service\src\main\java\order\entity\OrderInfo.java,1,109
239,D:\projectPath1\nostub\removeDocument\train-ticket\ts-order-service\src\main\java\order\entity\OrderSecurity.java,1,32
240,D:\projectPath1\nostub\removeDocument\train-ticket\ts-order-service\src\main\java\order\entity\OrderStatus.java,1,64
241,D:\projectPath1\nostub\removeDocument\train-ticket\ts-order-service\src\main\java\order\entity\Seat.java,1,80
242,D:\projectPath1\nostub\removeDocument\train-ticket\ts-order-service\src\main\java\order\entity\SeatClass.java,1,71
243,D:\projectPath1\nostub\removeDocument\train-ticket\ts-order-service\src\main\java\order\entity\SoldTicket.java,1,132
244,D:\projectPath1\nostub\removeDocument\train-ticket\ts-order-service\src\main\java\order\entity\Ticket.java,1,48
245,D:\projectPath1\nostub\removeDocument\train-ticket\ts-order-service\src\main\java\order\entity\TrainType.java,1,75
246,D:\projectPath1\nostub\removeDocument\train-ticket\ts-order-service\src\main\java\order\init\InitData.java,1,88
247,D:\projectPath1\nostub\removeDocument\train-ticket\ts-order-service\src\main\java\order\OrderApplication.java,1,31
248,D:\projectPath1\nostub\removeDocument\train-ticket\ts-order-service\src\main\java\order\repository\OrderRepository.java,1,31
249,D:\projectPath1\nostub\removeDocument\train-ticket\ts-order-service\src\main\java\order\service\OrderService.java,1,53
250,D:\projectPath1\nostub\removeDocument\train-ticket\ts-order-service\src\main\java\order\service\OrderServiceImpl.java,1,427
251,D:\projectPath1\nostub\removeDocument\train-ticket\ts-payment-service\src\main\java\com\trainticket\config\SecurityConfig.java,1,82
252,D:\projectPath1\nostub\removeDocument\train-ticket\ts-payment-service\src\main\java\com\trainticket\controller\PaymentController.java,1,43
253,D:\projectPath1\nostub\removeDocument\train-ticket\ts-payment-service\src\main\java\com\trainticket\entity\Money.java,1,34
254,D:\projectPath1\nostub\removeDocument\train-ticket\ts-payment-service\src\main\java\com\trainticket\entity\Payment.java,1,71
255,D:\projectPath1\nostub\removeDocument\train-ticket\ts-payment-service\src\main\java\com\trainticket\init\InitData.java,1,33
256,D:\projectPath1\nostub\removeDocument\train-ticket\ts-payment-service\src\main\java\com\trainticket\PaymentApplication.java,1,24
257,D:\projectPath1\nostub\removeDocument\train-ticket\ts-payment-service\src\main\java\com\trainticket\repository\AddMoneyRepository.java,1,11
258,D:\projectPath1\nostub\removeDocument\train-ticket\ts-payment-service\src\main\java\com\trainticket\repository\PaymentRepository.java,1,22
259,D:\projectPath1\nostub\removeDocument\train-ticket\ts-payment-service\src\main\java\com\trainticket\service\PaymentService.java,1,22
260,D:\projectPath1\nostub\removeDocument\train-ticket\ts-payment-service\src\main\java\com\trainticket\service\PaymentServiceImpl.java,1,75
261,D:\projectPath1\nostub\removeDocument\train-ticket\ts-preserve-other-service\src\main\java\preserveOther\config\SecurityConfig.java,1,82
262,D:\projectPath1\nostub\removeDocument\train-ticket\ts-preserve-other-service\src\main\java\preserveOther\controller\PreserveOtherController.java,1,39
263,D:\projectPath1\nostub\removeDocument\train-ticket\ts-preserve-other-service\src\main\java\preserveOther\entity\Account.java,1,91
264,D:\projectPath1\nostub\removeDocument\train-ticket\ts-preserve-other-service\src\main\java\preserveOther\entity\Assurance.java,1,61
265,D:\projectPath1\nostub\removeDocument\train-ticket\ts-preserve-other-service\src\main\java\preserveOther\entity\AssuranceType.java,1,70
266,D:\projectPath1\nostub\removeDocument\train-ticket\ts-preserve-other-service\src\main\java\preserveOther\entity\Consign.java,1,33
267,D:\projectPath1\nostub\removeDocument\train-ticket\ts-preserve-other-service\src\main\java\preserveOther\entity\Contacts.java,1,103
268,D:\projectPath1\nostub\removeDocument\train-ticket\ts-preserve-other-service\src\main\java\preserveOther\entity\DocumentType.java,1,51
269,D:\projectPath1\nostub\removeDocument\train-ticket\ts-preserve-other-service\src\main\java\preserveOther\entity\FoodOrder.java,1,90
270,D:\projectPath1\nostub\removeDocument\train-ticket\ts-preserve-other-service\src\main\java\preserveOther\entity\Gender.java,1,52
271,D:\projectPath1\nostub\removeDocument\train-ticket\ts-preserve-other-service\src\main\java\preserveOther\entity\NotifyInfo.java,1,103
272,D:\projectPath1\nostub\removeDocument\train-ticket\ts-preserve-other-service\src\main\java\preserveOther\entity\Order.java,1,234
273,D:\projectPath1\nostub\removeDocument\train-ticket\ts-preserve-other-service\src\main\java\preserveOther\entity\OrderStatus.java,1,64
274,D:\projectPath1\nostub\removeDocument\train-ticket\ts-preserve-other-service\src\main\java\preserveOther\entity\OrderTicketsInfo.java,1,198
275,D:\projectPath1\nostub\removeDocument\train-ticket\ts-preserve-other-service\src\main\java\preserveOther\entity\Seat.java,1,64
276,D:\projectPath1\nostub\removeDocument\train-ticket\ts-preserve-other-service\src\main\java\preserveOther\entity\SeatClass.java,1,71
277,D:\projectPath1\nostub\removeDocument\train-ticket\ts-preserve-other-service\src\main\java\preserveOther\entity\Ticket.java,1,42
278,D:\projectPath1\nostub\removeDocument\train-ticket\ts-preserve-other-service\src\main\java\preserveOther\entity\TrainType.java,1,52
279,D:\projectPath1\nostub\removeDocument\train-ticket\ts-preserve-other-service\src\main\java\preserveOther\entity\Travel.java,1,54
280,D:\projectPath1\nostub\removeDocument\train-ticket\ts-preserve-other-service\src\main\java\preserveOther\entity\TravelResult.java,1,29
281,D:\projectPath1\nostub\removeDocument\train-ticket\ts-preserve-other-service\src\main\java\preserveOther\entity\Trip.java,1,133
282,D:\projectPath1\nostub\removeDocument\train-ticket\ts-preserve-other-service\src\main\java\preserveOther\entity\TripAllDetail.java,1,55
283,D:\projectPath1\nostub\removeDocument\train-ticket\ts-preserve-other-service\src\main\java\preserveOther\entity\TripAllDetailInfo.java,1,54
284,D:\projectPath1\nostub\removeDocument\train-ticket\ts-preserve-other-service\src\main\java\preserveOther\entity\TripId.java,1,56
285,D:\projectPath1\nostub\removeDocument\train-ticket\ts-preserve-other-service\src\main\java\preserveOther\entity\TripResponse.java,1,103
286,D:\projectPath1\nostub\removeDocument\train-ticket\ts-preserve-other-service\src\main\java\preserveOther\entity\Type.java,1,64
287,D:\projectPath1\nostub\removeDocument\train-ticket\ts-preserve-other-service\src\main\java\preserveOther\entity\User.java,1,32
288,D:\projectPath1\nostub\removeDocument\train-ticket\ts-preserve-other-service\src\main\java\preserveOther\PreserveOtherApplication.java,1,33
289,D:\projectPath1\nostub\removeDocument\train-ticket\ts-preserve-other-service\src\main\java\preserveOther\service\PreserveOtherService.java,1,14
290,D:\projectPath1\nostub\removeDocument\train-ticket\ts-preserve-other-service\src\main\java\preserveOther\service\PreserveOtherServiceImpl.java,1,406
291,D:\projectPath1\nostub\removeDocument\train-ticket\ts-preserve-service\src\main\java\preserve\config\SecurityConfig.java,1,82
292,D:\projectPath1\nostub\removeDocument\train-ticket\ts-preserve-service\src\main\java\preserve\controller\PreserveController.java,1,40
293,D:\projectPath1\nostub\removeDocument\train-ticket\ts-preserve-service\src\main\java\preserve\entity\Account.java,1,91
294,D:\projectPath1\nostub\removeDocument\train-ticket\ts-preserve-service\src\main\java\preserve\entity\Assurance.java,1,61
295,D:\projectPath1\nostub\removeDocument\train-ticket\ts-preserve-service\src\main\java\preserve\entity\AssuranceType.java,1,70
296,D:\projectPath1\nostub\removeDocument\train-ticket\ts-preserve-service\src\main\java\preserve\entity\Consign.java,1,31
297,D:\projectPath1\nostub\removeDocument\train-ticket\ts-preserve-service\src\main\java\preserve\entity\Contacts.java,1,103
298,D:\projectPath1\nostub\removeDocument\train-ticket\ts-preserve-service\src\main\java\preserve\entity\DocumentType.java,1,51
299,D:\projectPath1\nostub\removeDocument\train-ticket\ts-preserve-service\src\main\java\preserve\entity\FoodOrder.java,1,90
300,D:\projectPath1\nostub\removeDocument\train-ticket\ts-preserve-service\src\main\java\preserve\entity\Gender.java,1,52
301,D:\projectPath1\nostub\removeDocument\train-ticket\ts-preserve-service\src\main\java\preserve\entity\NotifyInfo.java,1,103
302,D:\projectPath1\nostub\removeDocument\train-ticket\ts-preserve-service\src\main\java\preserve\entity\Order.java,1,234
303,D:\projectPath1\nostub\removeDocument\train-ticket\ts-preserve-service\src\main\java\preserve\entity\OrderStatus.java,1,64
304,D:\projectPath1\nostub\removeDocument\train-ticket\ts-preserve-service\src\main\java\preserve\entity\OrderTicketsInfo.java,1,198
305,D:\projectPath1\nostub\removeDocument\train-ticket\ts-preserve-service\src\main\java\preserve\entity\OrderTicketsResult.java,1,42
306,D:\projectPath1\nostub\removeDocument\train-ticket\ts-preserve-service\src\main\java\preserve\entity\Seat.java,1,64
307,D:\projectPath1\nostub\removeDocument\train-ticket\ts-preserve-service\src\main\java\preserve\entity\SeatClass.java,1,71
308,D:\projectPath1\nostub\removeDocument\train-ticket\ts-preserve-service\src\main\java\preserve\entity\Ticket.java,1,42
309,D:\projectPath1\nostub\removeDocument\train-ticket\ts-preserve-service\src\main\java\preserve\entity\TrainType.java,1,52
310,D:\projectPath1\nostub\removeDocument\train-ticket\ts-preserve-service\src\main\java\preserve\entity\Travel.java,1,54
311,D:\projectPath1\nostub\removeDocument\train-ticket\ts-preserve-service\src\main\java\preserve\entity\TravelResult.java,1,25
312,D:\projectPath1\nostub\removeDocument\train-ticket\ts-preserve-service\src\main\java\preserve\entity\Trip.java,1,134
313,D:\projectPath1\nostub\removeDocument\train-ticket\ts-preserve-service\src\main\java\preserve\entity\TripAllDetail.java,1,55
314,D:\projectPath1\nostub\removeDocument\train-ticket\ts-preserve-service\src\main\java\preserve\entity\TripAllDetailInfo.java,1,54
315,D:\projectPath1\nostub\removeDocument\train-ticket\ts-preserve-service\src\main\java\preserve\entity\TripId.java,1,56
316,D:\projectPath1\nostub\removeDocument\train-ticket\ts-preserve-service\src\main\java\preserve\entity\TripResponse.java,1,100
317,D:\projectPath1\nostub\removeDocument\train-ticket\ts-preserve-service\src\main\java\preserve\entity\Type.java,1,64
318,D:\projectPath1\nostub\removeDocument\train-ticket\ts-preserve-service\src\main\java\preserve\entity\User.java,1,32
319,D:\projectPath1\nostub\removeDocument\train-ticket\ts-preserve-service\src\main\java\preserve\PreserveApplication.java,1,33
320,D:\projectPath1\nostub\removeDocument\train-ticket\ts-preserve-service\src\main\java\preserve\service\PreserveService.java,1,14
321,D:\projectPath1\nostub\removeDocument\train-ticket\ts-preserve-service\src\main\java\preserve\service\PreserveServiceImpl.java,1,397
322,D:\projectPath1\nostub\removeDocument\train-ticket\ts-price-service\src\main\java\price\config\SecurityConfig.java,1,89
323,D:\projectPath1\nostub\removeDocument\train-ticket\ts-price-service\src\main\java\price\controller\PriceController.java,1,55
324,D:\projectPath1\nostub\removeDocument\train-ticket\ts-price-service\src\main\java\price\entity\PriceConfig.java,1,68
325,D:\projectPath1\nostub\removeDocument\train-ticket\ts-price-service\src\main\java\price\entity\TrainType.java,1,71
326,D:\projectPath1\nostub\removeDocument\train-ticket\ts-price-service\src\main\java\price\init\InitData.java,1,97
327,D:\projectPath1\nostub\removeDocument\train-ticket\ts-price-service\src\main\java\price\PriceApplication.java,1,31
328,D:\projectPath1\nostub\removeDocument\train-ticket\ts-price-service\src\main\java\price\repository\PriceConfigRepository.java,1,26
329,D:\projectPath1\nostub\removeDocument\train-ticket\ts-price-service\src\main\java\price\service\PriceService.java,1,27
330,D:\projectPath1\nostub\removeDocument\train-ticket\ts-price-service\src\main\java\price\service\PriceServiceImpl.java,1,127
331,D:\projectPath1\nostub\removeDocument\train-ticket\ts-rebook-service\src\main\java\rebook\config\SecurityConfig.java,1,82
332,D:\projectPath1\nostub\removeDocument\train-ticket\ts-rebook-service\src\main\java\rebook\controller\RebookController.java,1,43
333,D:\projectPath1\nostub\removeDocument\train-ticket\ts-rebook-service\src\main\java\rebook\entity\Contacts.java,1,102
334,D:\projectPath1\nostub\removeDocument\train-ticket\ts-rebook-service\src\main\java\rebook\entity\Order.java,1,245
335,D:\projectPath1\nostub\removeDocument\train-ticket\ts-rebook-service\src\main\java\rebook\entity\OrderStatus.java,1,64
336,D:\projectPath1\nostub\removeDocument\train-ticket\ts-rebook-service\src\main\java\rebook\entity\OrderTicketsInfo.java,1,94
337,D:\projectPath1\nostub\removeDocument\train-ticket\ts-rebook-service\src\main\java\rebook\entity\PaymentDifferenceInfo.java,1,52
338,D:\projectPath1\nostub\removeDocument\train-ticket\ts-rebook-service\src\main\java\rebook\entity\RebookInfo.java,1,94
339,D:\projectPath1\nostub\removeDocument\train-ticket\ts-rebook-service\src\main\java\rebook\entity\Seat.java,1,81
340,D:\projectPath1\nostub\removeDocument\train-ticket\ts-rebook-service\src\main\java\rebook\entity\SeatClass.java,1,71
341,D:\projectPath1\nostub\removeDocument\train-ticket\ts-rebook-service\src\main\java\rebook\entity\Ticket.java,1,42
342,D:\projectPath1\nostub\removeDocument\train-ticket\ts-rebook-service\src\main\java\rebook\entity\Trip.java,1,111
343,D:\projectPath1\nostub\removeDocument\train-ticket\ts-rebook-service\src\main\java\rebook\entity\TripAllDetail.java,1,34
344,D:\projectPath1\nostub\removeDocument\train-ticket\ts-rebook-service\src\main\java\rebook\entity\TripAllDetailInfo.java,1,54
345,D:\projectPath1\nostub\removeDocument\train-ticket\ts-rebook-service\src\main\java\rebook\entity\TripId.java,1,58
346,D:\projectPath1\nostub\removeDocument\train-ticket\ts-rebook-service\src\main\java\rebook\entity\TripResponse.java,1,151
347,D:\projectPath1\nostub\removeDocument\train-ticket\ts-rebook-service\src\main\java\rebook\entity\Type.java,1,64
348,D:\projectPath1\nostub\removeDocument\train-ticket\ts-rebook-service\src\main\java\rebook\entity\VerifyResult.java,1,32
349,D:\projectPath1\nostub\removeDocument\train-ticket\ts-rebook-service\src\main\java\rebook\RebookApplication.java,1,32
350,D:\projectPath1\nostub\removeDocument\train-ticket\ts-rebook-service\src\main\java\rebook\service\RebookService.java,1,14
351,D:\projectPath1\nostub\removeDocument\train-ticket\ts-rebook-service\src\main\java\rebook\service\RebookServiceImpl.java,1,386
352,D:\projectPath1\nostub\removeDocument\train-ticket\ts-route-plan-service\src\main\java\plan\config\SecurityConfig.java,1,82
353,D:\projectPath1\nostub\removeDocument\train-ticket\ts-route-plan-service\src\main\java\plan\controller\RoutePlanController.java,1,48
354,D:\projectPath1\nostub\removeDocument\train-ticket\ts-route-plan-service\src\main\java\plan\entity\Route.java,1,66
355,D:\projectPath1\nostub\removeDocument\train-ticket\ts-route-plan-service\src\main\java\plan\entity\RoutePlanInfo.java,1,61
356,D:\projectPath1\nostub\removeDocument\train-ticket\ts-route-plan-service\src\main\java\plan\entity\RoutePlanResultUnit.java,1,105
357,D:\projectPath1\nostub\removeDocument\train-ticket\ts-route-plan-service\src\main\java\plan\entity\Trip.java,1,110
358,D:\projectPath1\nostub\removeDocument\train-ticket\ts-route-plan-service\src\main\java\plan\entity\TripAllDetail.java,1,52
359,D:\projectPath1\nostub\removeDocument\train-ticket\ts-route-plan-service\src\main\java\plan\entity\TripAllDetailInfo.java,1,54
360,D:\projectPath1\nostub\removeDocument\train-ticket\ts-route-plan-service\src\main\java\plan\entity\TripId.java,1,54
361,D:\projectPath1\nostub\removeDocument\train-ticket\ts-route-plan-service\src\main\java\plan\entity\TripInfo.java,1,44
362,D:\projectPath1\nostub\removeDocument\train-ticket\ts-route-plan-service\src\main\java\plan\entity\TripResponse.java,1,114
363,D:\projectPath1\nostub\removeDocument\train-ticket\ts-route-plan-service\src\main\java\plan\entity\Type.java,1,64
364,D:\projectPath1\nostub\removeDocument\train-ticket\ts-route-plan-service\src\main\java\plan\RoutePlanApplication.java,1,32
365,D:\projectPath1\nostub\removeDocument\train-ticket\ts-route-plan-service\src\main\java\plan\service\RoutePlanService.java,1,40
366,D:\projectPath1\nostub\removeDocument\train-ticket\ts-route-plan-service\src\main\java\plan\service\RoutePlanServiceImpl.java,1,354
367,D:\projectPath1\nostub\removeDocument\train-ticket\ts-route-service\src\main\java\route\config\SecurityConfig.java,1,84
368,D:\projectPath1\nostub\removeDocument\train-ticket\ts-route-service\src\main\java\route\controller\RouteController.java,1,62
369,D:\projectPath1\nostub\removeDocument\train-ticket\ts-route-service\src\main\java\route\entity\Route.java,1,70
370,D:\projectPath1\nostub\removeDocument\train-ticket\ts-route-service\src\main\java\route\entity\RouteInfo.java,1,61
371,D:\projectPath1\nostub\removeDocument\train-ticket\ts-route-service\src\main\java\route\init\InitData.java,1,99
372,D:\projectPath1\nostub\removeDocument\train-ticket\ts-route-service\src\main\java\route\repository\RouteRepository.java,1,50
373,D:\projectPath1\nostub\removeDocument\train-ticket\ts-route-service\src\main\java\route\RouteApplication.java,1,32
374,D:\projectPath1\nostub\removeDocument\train-ticket\ts-route-service\src\main\java\route\service\RouteService.java,1,59
375,D:\projectPath1\nostub\removeDocument\train-ticket\ts-route-service\src\main\java\route\service\RouteServiceImpl.java,1,126
376,D:\projectPath1\nostub\removeDocument\train-ticket\ts-seat-service\src\main\java\seat\config\SecurityConfig.java,1,84
377,D:\projectPath1\nostub\removeDocument\train-ticket\ts-seat-service\src\main\java\seat\controller\SeatController.java,1,55
378,D:\projectPath1\nostub\removeDocument\train-ticket\ts-seat-service\src\main\java\seat\entity\Config.java,1,47
379,D:\projectPath1\nostub\removeDocument\train-ticket\ts-seat-service\src\main\java\seat\entity\LeftTicketInfo.java,1,34
380,D:\projectPath1\nostub\removeDocument\train-ticket\ts-seat-service\src\main\java\seat\entity\Route.java,1,66
381,D:\projectPath1\nostub\removeDocument\train-ticket\ts-seat-service\src\main\java\seat\entity\Seat.java,1,92
382,D:\projectPath1\nostub\removeDocument\train-ticket\ts-seat-service\src\main\java\seat\entity\SeatClass.java,1,71
383,D:\projectPath1\nostub\removeDocument\train-ticket\ts-seat-service\src\main\java\seat\entity\Ticket.java,1,42
384,D:\projectPath1\nostub\removeDocument\train-ticket\ts-seat-service\src\main\java\seat\entity\TrainType.java,1,69
385,D:\projectPath1\nostub\removeDocument\train-ticket\ts-seat-service\src\main\java\seat\SeatApplication.java,1,32
386,D:\projectPath1\nostub\removeDocument\train-ticket\ts-seat-service\src\main\java\seat\service\SeatService.java,1,15
387,D:\projectPath1\nostub\removeDocument\train-ticket\ts-seat-service\src\main\java\seat\service\SeatServiceImpl.java,1,318
388,D:\projectPath1\nostub\removeDocument\train-ticket\ts-security-service\src\main\java\security\config\SecurityConfig.java,1,82
389,D:\projectPath1\nostub\removeDocument\train-ticket\ts-security-service\src\main\java\security\controller\SecurityController.java,1,66
390,D:\projectPath1\nostub\removeDocument\train-ticket\ts-security-service\src\main\java\security\entity\Order.java,1,236
391,D:\projectPath1\nostub\removeDocument\train-ticket\ts-security-service\src\main\java\security\entity\OrderSecurity.java,1,32
392,D:\projectPath1\nostub\removeDocument\train-ticket\ts-security-service\src\main\java\security\entity\OrderStatus.java,1,64
393,D:\projectPath1\nostub\removeDocument\train-ticket\ts-security-service\src\main\java\security\entity\SeatClass.java,1,71
394,D:\projectPath1\nostub\removeDocument\train-ticket\ts-security-service\src\main\java\security\entity\SecurityConfig.java,1,58
395,D:\projectPath1\nostub\removeDocument\train-ticket\ts-security-service\src\main\java\security\init\InitData.java,1,34
396,D:\projectPath1\nostub\removeDocument\train-ticket\ts-security-service\src\main\java\security\repository\SecurityRepository.java,1,27
397,D:\projectPath1\nostub\removeDocument\train-ticket\ts-security-service\src\main\java\security\SecurityApplication.java,1,33
398,D:\projectPath1\nostub\removeDocument\train-ticket\ts-security-service\src\main\java\security\service\SecurityService.java,1,23
399,D:\projectPath1\nostub\removeDocument\train-ticket\ts-security-service\src\main\java\security\service\SecurityServiceImpl.java,1,141
400,D:\projectPath1\nostub\removeDocument\train-ticket\ts-station-service\src\main\java\fdse\microservice\config\SecurityConfig.java,1,86
401,D:\projectPath1\nostub\removeDocument\train-ticket\ts-station-service\src\main\java\fdse\microservice\controller\StationController.java,1,88
402,D:\projectPath1\nostub\removeDocument\train-ticket\ts-station-service\src\main\java\fdse\microservice\entity\Station.java,1,66
403,D:\projectPath1\nostub\removeDocument\train-ticket\ts-station-service\src\main\java\fdse\microservice\init\InitData.java,1,87
404,D:\projectPath1\nostub\removeDocument\train-ticket\ts-station-service\src\main\java\fdse\microservice\repository\StationRepository.java,1,18
405,D:\projectPath1\nostub\removeDocument\train-ticket\ts-station-service\src\main\java\fdse\microservice\service\StationService.java,1,30
406,D:\projectPath1\nostub\removeDocument\train-ticket\ts-station-service\src\main\java\fdse\microservice\service\StationServiceImpl.java,1,136
407,D:\projectPath1\nostub\removeDocument\train-ticket\ts-station-service\src\main\java\fdse\microservice\StationApplication.java,1,21
408,D:\projectPath1\nostub\removeDocument\train-ticket\ts-ticketinfo-service\src\main\java\ticketinfo\config\SecurityConfig.java,1,75
409,D:\projectPath1\nostub\removeDocument\train-ticket\ts-ticketinfo-service\src\main\java\ticketinfo\controller\TicketInfoController.java,1,40
410,D:\projectPath1\nostub\removeDocument\train-ticket\ts-ticketinfo-service\src\main\java\ticketinfo\entity\TrainType.java,1,54
411,D:\projectPath1\nostub\removeDocument\train-ticket\ts-ticketinfo-service\src\main\java\ticketinfo\entity\Travel.java,1,52
412,D:\projectPath1\nostub\removeDocument\train-ticket\ts-ticketinfo-service\src\main\java\ticketinfo\entity\TravelResult.java,1,24
413,D:\projectPath1\nostub\removeDocument\train-ticket\ts-ticketinfo-service\src\main\java\ticketinfo\entity\Trip.java,1,132
414,D:\projectPath1\nostub\removeDocument\train-ticket\ts-ticketinfo-service\src\main\java\ticketinfo\entity\TripId.java,1,56
415,D:\projectPath1\nostub\removeDocument\train-ticket\ts-ticketinfo-service\src\main\java\ticketinfo\entity\Type.java,1,42
416,D:\projectPath1\nostub\removeDocument\train-ticket\ts-ticketinfo-service\src\main\java\ticketinfo\service\TicketInfoService.java,1,14
417,D:\projectPath1\nostub\removeDocument\train-ticket\ts-ticketinfo-service\src\main\java\ticketinfo\service\TicketInfoServiceImpl.java,1,45
418,D:\projectPath1\nostub\removeDocument\train-ticket\ts-ticketinfo-service\src\main\java\ticketinfo\TicketInfoApplication.java,1,30
419,D:\projectPath1\nostub\removeDocument\train-ticket\ts-train-service\src\main\java\train\config\SecurityConfig.java,1,85
420,D:\projectPath1\nostub\removeDocument\train-ticket\ts-train-service\src\main\java\train\controller\TrainController.java,1,84
421,D:\projectPath1\nostub\removeDocument\train-ticket\ts-train-service\src\main\java\train\entity\TrainType.java,1,71
422,D:\projectPath1\nostub\removeDocument\train-ticket\ts-train-service\src\main\java\train\init\InitData.java,1,57
423,D:\projectPath1\nostub\removeDocument\train-ticket\ts-train-service\src\main\java\train\repository\TrainTypeRepository.java,1,16
424,D:\projectPath1\nostub\removeDocument\train-ticket\ts-train-service\src\main\java\train\service\TrainService.java,1,20
425,D:\projectPath1\nostub\removeDocument\train-ticket\ts-train-service\src\main\java\train\service\TrainServiceImpl.java,1,68
426,D:\projectPath1\nostub\removeDocument\train-ticket\ts-train-service\src\main\java\train\TrainApplication.java,1,22
427,D:\projectPath1\nostub\removeDocument\train-ticket\ts-travel-plan-service\src\main\java\travelplan\config\SecurityConfig.java,1,82
428,D:\projectPath1\nostub\removeDocument\train-ticket\ts-travel-plan-service\src\main\java\travelplan\controller\TravelPlanController.java,1,56
429,D:\projectPath1\nostub\removeDocument\train-ticket\ts-travel-plan-service\src\main\java\travelplan\entity\RoutePlanInfo.java,1,61
430,D:\projectPath1\nostub\removeDocument\train-ticket\ts-travel-plan-service\src\main\java\travelplan\entity\RoutePlanResultUnit.java,1,36
431,D:\projectPath1\nostub\removeDocument\train-ticket\ts-travel-plan-service\src\main\java\travelplan\entity\Seat.java,1,69
432,D:\projectPath1\nostub\removeDocument\train-ticket\ts-travel-plan-service\src\main\java\travelplan\entity\SeatClass.java,1,71
433,D:\projectPath1\nostub\removeDocument\train-ticket\ts-travel-plan-service\src\main\java\travelplan\entity\TrainTypeEnum.java,1,64
434,D:\projectPath1\nostub\removeDocument\train-ticket\ts-travel-plan-service\src\main\java\travelplan\entity\TransferTravelInfo.java,1,72
435,D:\projectPath1\nostub\removeDocument\train-ticket\ts-travel-plan-service\src\main\java\travelplan\entity\TransferTravelResult.java,1,40
436,D:\projectPath1\nostub\removeDocument\train-ticket\ts-travel-plan-service\src\main\java\travelplan\entity\TravelAdvanceResultUnit.java,1,125
437,D:\projectPath1\nostub\removeDocument\train-ticket\ts-travel-plan-service\src\main\java\travelplan\entity\Trip.java,1,110
438,D:\projectPath1\nostub\removeDocument\train-ticket\ts-travel-plan-service\src\main\java\travelplan\entity\TripId.java,1,59
439,D:\projectPath1\nostub\removeDocument\train-ticket\ts-travel-plan-service\src\main\java\travelplan\entity\TripInfo.java,1,44
440,D:\projectPath1\nostub\removeDocument\train-ticket\ts-travel-plan-service\src\main\java\travelplan\entity\TripResponse.java,1,115
441,D:\projectPath1\nostub\removeDocument\train-ticket\ts-travel-plan-service\src\main\java\travelplan\service\TravelPlanService.java,1,21
442,D:\projectPath1\nostub\removeDocument\train-ticket\ts-travel-plan-service\src\main\java\travelplan\service\TravelPlanServiceImpl.java,1,306
443,D:\projectPath1\nostub\removeDocument\train-ticket\ts-travel-plan-service\src\main\java\travelplan\TravelPlanApplication.java,1,31
444,D:\projectPath1\nostub\removeDocument\train-ticket\ts-travel-service\src\main\java\travel\config\SecurityConfig.java,1,86
445,D:\projectPath1\nostub\removeDocument\train-ticket\ts-travel-service\src\main\java\travel\controller\TravelController.java,1,143
446,D:\projectPath1\nostub\removeDocument\train-ticket\ts-travel-service\src\main\java\travel\entity\AdminTrip.java,1,39
447,D:\projectPath1\nostub\removeDocument\train-ticket\ts-travel-service\src\main\java\travel\entity\Route.java,1,75
448,D:\projectPath1\nostub\removeDocument\train-ticket\ts-travel-service\src\main\java\travel\entity\Seat.java,1,92
449,D:\projectPath1\nostub\removeDocument\train-ticket\ts-travel-service\src\main\java\travel\entity\SeatClass.java,1,71
450,D:\projectPath1\nostub\removeDocument\train-ticket\ts-travel-service\src\main\java\travel\entity\SoldTicket.java,1,132
451,D:\projectPath1\nostub\removeDocument\train-ticket\ts-travel-service\src\main\java\travel\entity\TrainType.java,1,74
452,D:\projectPath1\nostub\removeDocument\train-ticket\ts-travel-service\src\main\java\travel\entity\Travel.java,1,54
453,D:\projectPath1\nostub\removeDocument\train-ticket\ts-travel-service\src\main\java\travel\entity\TravelInfo.java,1,94
454,D:\projectPath1\nostub\removeDocument\train-ticket\ts-travel-service\src\main\java\travel\entity\TravelResult.java,1,27
455,D:\projectPath1\nostub\removeDocument\train-ticket\ts-travel-service\src\main\java\travel\entity\Trip.java,1,133
456,D:\projectPath1\nostub\removeDocument\train-ticket\ts-travel-service\src\main\java\travel\entity\TripAllDetail.java,1,35
457,D:\projectPath1\nostub\removeDocument\train-ticket\ts-travel-service\src\main\java\travel\entity\TripAllDetailInfo.java,1,54
458,D:\projectPath1\nostub\removeDocument\train-ticket\ts-travel-service\src\main\java\travel\entity\TripId.java,1,59
459,D:\projectPath1\nostub\removeDocument\train-ticket\ts-travel-service\src\main\java\travel\entity\TripInfo.java,1,55
460,D:\projectPath1\nostub\removeDocument\train-ticket\ts-travel-service\src\main\java\travel\entity\TripResponse.java,1,115
461,D:\projectPath1\nostub\removeDocument\train-ticket\ts-travel-service\src\main\java\travel\entity\Type.java,1,52
462,D:\projectPath1\nostub\removeDocument\train-ticket\ts-travel-service\src\main\java\travel\init\InitData.java,1,80
463,D:\projectPath1\nostub\removeDocument\train-ticket\ts-travel-service\src\main\java\travel\repository\TripRepository.java,1,23
464,D:\projectPath1\nostub\removeDocument\train-ticket\ts-travel-service\src\main\java\travel\service\TravelService.java,1,37
465,D:\projectPath1\nostub\removeDocument\train-ticket\ts-travel-service\src\main\java\travel\service\TravelServiceImpl.java,1,397
466,D:\projectPath1\nostub\removeDocument\train-ticket\ts-travel-service\src\main\java\travel\TravelApplication.java,1,32
467,D:\projectPath1\nostub\removeDocument\train-ticket\ts-travel2-service\src\main\java\travel2\config\SecurityConfig.java,1,89
468,D:\projectPath1\nostub\removeDocument\train-ticket\ts-travel2-service\src\main\java\travel2\controller\Travel2Controller.java,1,141
469,D:\projectPath1\nostub\removeDocument\train-ticket\ts-travel2-service\src\main\java\travel2\entity\AdminTrip.java,1,39
470,D:\projectPath1\nostub\removeDocument\train-ticket\ts-travel2-service\src\main\java\travel2\entity\Route.java,1,71
471,D:\projectPath1\nostub\removeDocument\train-ticket\ts-travel2-service\src\main\java\travel2\entity\Seat.java,1,81
472,D:\projectPath1\nostub\removeDocument\train-ticket\ts-travel2-service\src\main\java\travel2\entity\SeatClass.java,1,71
473,D:\projectPath1\nostub\removeDocument\train-ticket\ts-travel2-service\src\main\java\travel2\entity\SoldTicket.java,1,132
474,D:\projectPath1\nostub\removeDocument\train-ticket\ts-travel2-service\src\main\java\travel2\entity\TrainType.java,1,73
475,D:\projectPath1\nostub\removeDocument\train-ticket\ts-travel2-service\src\main\java\travel2\entity\Travel.java,1,54
476,D:\projectPath1\nostub\removeDocument\train-ticket\ts-travel2-service\src\main\java\travel2\entity\TravelInfo.java,1,94
477,D:\projectPath1\nostub\removeDocument\train-ticket\ts-travel2-service\src\main\java\travel2\entity\TravelResult.java,1,29
478,D:\projectPath1\nostub\removeDocument\train-ticket\ts-travel2-service\src\main\java\travel2\entity\Trip.java,1,138
479,D:\projectPath1\nostub\removeDocument\train-ticket\ts-travel2-service\src\main\java\travel2\entity\TripAllDetail.java,1,52
480,D:\projectPath1\nostub\removeDocument\train-ticket\ts-travel2-service\src\main\java\travel2\entity\TripAllDetailInfo.java,1,57
481,D:\projectPath1\nostub\removeDocument\train-ticket\ts-travel2-service\src\main\java\travel2\entity\TripId.java,1,54
482,D:\projectPath1\nostub\removeDocument\train-ticket\ts-travel2-service\src\main\java\travel2\entity\TripInfo.java,1,54
483,D:\projectPath1\nostub\removeDocument\train-ticket\ts-travel2-service\src\main\java\travel2\entity\TripResponse.java,1,152
484,D:\projectPath1\nostub\removeDocument\train-ticket\ts-travel2-service\src\main\java\travel2\entity\Type.java,1,56
485,D:\projectPath1\nostub\removeDocument\train-ticket\ts-travel2-service\src\main\java\travel2\init\InitData.java,1,79
486,D:\projectPath1\nostub\removeDocument\train-ticket\ts-travel2-service\src\main\java\travel2\repository\TripRepository.java,1,22
487,D:\projectPath1\nostub\removeDocument\train-ticket\ts-travel2-service\src\main\java\travel2\service\Travel2Service.java,1,36
488,D:\projectPath1\nostub\removeDocument\train-ticket\ts-travel2-service\src\main\java\travel2\service\Travel2ServiceImpl.java,1,417
489,D:\projectPath1\nostub\removeDocument\train-ticket\ts-travel2-service\src\main\java\travel2\Travel2Application.java,1,32
490,D:\projectPath1\nostub\removeDocument\train-ticket\ts-ui-test\src\test\java\TestFlowOne.java,1,265
491,D:\projectPath1\nostub\removeDocument\train-ticket\ts-ui-test\src\test\java\TestFlowTwoPay.java,1,113
492,D:\projectPath1\nostub\removeDocument\train-ticket\ts-ui-test\src\test\java\TestFlowTwoRebook.java,1,210
493,D:\projectPath1\nostub\removeDocument\train-ticket\ts-ui-test\src\test\java\TestServiceBasicInfo.java,1,71
494,D:\projectPath1\nostub\removeDocument\train-ticket\ts-ui-test\src\test\java\TestServiceCancel.java,1,79
495,D:\projectPath1\nostub\removeDocument\train-ticket\ts-ui-test\src\test\java\TestServiceCellect.java,1,41
496,D:\projectPath1\nostub\removeDocument\train-ticket\ts-ui-test\src\test\java\TestServiceConfig.java,1,58
497,D:\projectPath1\nostub\removeDocument\train-ticket\ts-ui-test\src\test\java\TestServiceContacts.java,1,43
498,D:\projectPath1\nostub\removeDocument\train-ticket\ts-ui-test\src\test\java\TestServiceExecute.java,1,43
499,D:\projectPath1\nostub\removeDocument\train-ticket\ts-ui-test\src\test\java\TestServiceInsidePay.java,1,113
500,D:\projectPath1\nostub\removeDocument\train-ticket\ts-ui-test\src\test\java\TestServiceLogin.java,1,65
501,D:\projectPath1\nostub\removeDocument\train-ticket\ts-ui-test\src\test\java\TestServiceNotification.java,1,67
502,D:\projectPath1\nostub\removeDocument\train-ticket\ts-ui-test\src\test\java\TestServiceOrders.java,1,59
503,D:\projectPath1\nostub\removeDocument\train-ticket\ts-ui-test\src\test\java\TestServicePayment.java,1,91
504,D:\projectPath1\nostub\removeDocument\train-ticket\ts-ui-test\src\test\java\TestServicePrice.java,1,58
505,D:\projectPath1\nostub\removeDocument\train-ticket\ts-ui-test\src\test\java\TestServiceRebook.java,1,160
506,D:\projectPath1\nostub\removeDocument\train-ticket\ts-ui-test\src\test\java\TestServiceRegister.java,1,82
507,D:\projectPath1\nostub\removeDocument\train-ticket\ts-ui-test\src\test\java\TestServiceSecurity.java,1,55
508,D:\projectPath1\nostub\removeDocument\train-ticket\ts-ui-test\src\test\java\TestServiceSSO.java,1,36
509,D:\projectPath1\nostub\removeDocument\train-ticket\ts-ui-test\src\test\java\TestServiceStation.java,1,59
510,D:\projectPath1\nostub\removeDocument\train-ticket\ts-ui-test\src\test\java\TestServiceTicketInfo.java,1,71
511,D:\projectPath1\nostub\removeDocument\train-ticket\ts-ui-test\src\test\java\TestServiceTrain.java,1,62
512,D:\projectPath1\nostub\removeDocument\train-ticket\ts-ui-test\src\test\java\TestServiceTravel.java,1,118
513,D:\projectPath1\nostub\removeDocument\train-ticket\ts-ui-test\src\test\java\TestServiceTravel2.java,1,65
514,D:\projectPath1\nostub\removeDocument\train-ticket\ts-user-service\src\main\java\user\config\SecurityConfig.java,1,84
515,D:\projectPath1\nostub\removeDocument\train-ticket\ts-user-service\src\main\java\user\controller\UserController.java,1,64
516,D:\projectPath1\nostub\removeDocument\train-ticket\ts-user-service\src\main\java\user\dto\AuthDto.java,1,24
517,D:\projectPath1\nostub\removeDocument\train-ticket\ts-user-service\src\main\java\user\dto\Gender.java,1,52
518,D:\projectPath1\nostub\removeDocument\train-ticket\ts-user-service\src\main\java\user\dto\UserDto.java,1,31
519,D:\projectPath1\nostub\removeDocument\train-ticket\ts-user-service\src\main\java\user\entity\User.java,1,32
520,D:\projectPath1\nostub\removeDocument\train-ticket\ts-user-service\src\main\java\user\init\InitUser.java,1,45
521,D:\projectPath1\nostub\removeDocument\train-ticket\ts-user-service\src\main\java\user\repository\UserRepository.java,1,21
522,D:\projectPath1\nostub\removeDocument\train-ticket\ts-user-service\src\main\java\user\service\impl\UserServiceImpl.java,1,155
523,D:\projectPath1\nostub\removeDocument\train-ticket\ts-user-service\src\main\java\user\service\UserService.java,1,25
524,D:\projectPath1\nostub\removeDocument\train-ticket\ts-user-service\src\main\java\user\UserApplication.java,1,15
525,D:\projectPath1\nostub\removeDocument\train-ticket\ts-verification-code-service\src\main\java\verifycode\config\SecurityConfig.java,1,80
526,D:\projectPath1\nostub\removeDocument\train-ticket\ts-verification-code-service\src\main\java\verifycode\controller\VerifyCodeController.java,1,54
527,D:\projectPath1\nostub\removeDocument\train-ticket\ts-verification-code-service\src\main\java\verifycode\service\impl\VerifyCodeServiceImpl.java,1,152
528,D:\projectPath1\nostub\removeDocument\train-ticket\ts-verification-code-service\src\main\java\verifycode\service\VerifyCodeService.java,1,20
529,D:\projectPath1\nostub\removeDocument\train-ticket\ts-verification-code-service\src\main\java\verifycode\util\CookieUtil.java,1,49
530,D:\projectPath1\nostub\removeDocument\train-ticket\ts-verification-code-service\src\main\java\verifycode\VerifyCodeApplication.java,1,15
