0,D:\multiple-dependency-project\train-ticket\leveldb-1.22\db\autocompact_test.cc,1,113
1,D:\multiple-dependency-project\train-ticket\leveldb-1.22\db\builder.cc,1,80
2,D:\multiple-dependency-project\train-ticket\leveldb-1.22\db\builder.h,1,31
3,D:\multiple-dependency-project\train-ticket\leveldb-1.22\db\c.cc,1,567
4,D:\multiple-dependency-project\train-ticket\leveldb-1.22\db\corruption_test.cc,1,363
5,D:\multiple-dependency-project\train-ticket\leveldb-1.22\db\c_test.c,1,387
6,D:\multiple-dependency-project\train-ticket\leveldb-1.22\db\dbformat.cc,1,141
7,D:\multiple-dependency-project\train-ticket\leveldb-1.22\db\dbformat.h,1,219
8,D:\multiple-dependency-project\train-ticket\leveldb-1.22\db\dbformat_test.cc,1,112
9,D:\multiple-dependency-project\train-ticket\leveldb-1.22\db\db_bench.cc,1,984
10,D:\multiple-dependency-project\train-ticket\leveldb-1.22\db\db_impl.cc,1,1551
11,D:\multiple-dependency-project\train-ticket\leveldb-1.22\db\db_impl.h,1,217
12,D:\multiple-dependency-project\train-ticket\leveldb-1.22\db\db_iter.cc,1,310
13,D:\multiple-dependency-project\train-ticket\leveldb-1.22\db\db_test.cc,1,2300
14,D:\multiple-dependency-project\train-ticket\leveldb-1.22\db\dumpfile.cc,1,233
15,D:\multiple-dependency-project\train-ticket\leveldb-1.22\db\fault_injection_test.cc,1,549
16,D:\multiple-dependency-project\train-ticket\leveldb-1.22\db\filename.cc,1,142
17,D:\multiple-dependency-project\train-ticket\leveldb-1.22\db\filename.h,1,85
18,D:\multiple-dependency-project\train-ticket\leveldb-1.22\db\filename_test.cc,1,132
19,D:\multiple-dependency-project\train-ticket\leveldb-1.22\db\leveldbutil.cc,1,64
20,D:\multiple-dependency-project\train-ticket\leveldb-1.22\db\log_format.h,1,36
21,D:\multiple-dependency-project\train-ticket\leveldb-1.22\db\log_reader.cc,1,275
22,D:\multiple-dependency-project\train-ticket\leveldb-1.22\db\log_reader.h,1,113
23,D:\multiple-dependency-project\train-ticket\leveldb-1.22\db\log_test.cc,1,561
24,D:\multiple-dependency-project\train-ticket\leveldb-1.22\db\log_writer.cc,1,112
25,D:\multiple-dependency-project\train-ticket\leveldb-1.22\db\log_writer.h,1,55
26,D:\multiple-dependency-project\train-ticket\leveldb-1.22\db\memtable.cc,1,137
27,D:\multiple-dependency-project\train-ticket\leveldb-1.22\db\memtable.h,1,88
28,D:\multiple-dependency-project\train-ticket\leveldb-1.22\db\recovery_test.cc,1,331
29,D:\multiple-dependency-project\train-ticket\leveldb-1.22\db\repair.cc,1,451
30,D:\multiple-dependency-project\train-ticket\leveldb-1.22\db\skiplist.h,1,383
31,D:\multiple-dependency-project\train-ticket\leveldb-1.22\db\skiplist_test.cc,1,370
32,D:\multiple-dependency-project\train-ticket\leveldb-1.22\db\snapshot.h,1,96
33,D:\multiple-dependency-project\train-ticket\leveldb-1.22\db\table_cache.cc,1,121
34,D:\multiple-dependency-project\train-ticket\leveldb-1.22\db\table_cache.h,1,59
35,D:\multiple-dependency-project\train-ticket\leveldb-1.22\db\version_edit.cc,1,261
36,D:\multiple-dependency-project\train-ticket\leveldb-1.22\db\version_edit.h,1,107
37,D:\multiple-dependency-project\train-ticket\leveldb-1.22\db\version_edit_test.cc,1,45
38,D:\multiple-dependency-project\train-ticket\leveldb-1.22\db\version_set.cc,1,1586
39,D:\multiple-dependency-project\train-ticket\leveldb-1.22\db\version_set.h,1,394
40,D:\multiple-dependency-project\train-ticket\leveldb-1.22\db\version_set_test.cc,1,333
41,D:\multiple-dependency-project\train-ticket\leveldb-1.22\db\write_batch.cc,1,151
42,D:\multiple-dependency-project\train-ticket\leveldb-1.22\db\write_batch_internal.h,1,46
43,D:\multiple-dependency-project\train-ticket\leveldb-1.22\db\write_batch_test.cc,1,138
44,D:\multiple-dependency-project\train-ticket\leveldb-1.22\doc\bench\db_bench_sqlite3.cc,1,715
45,D:\multiple-dependency-project\train-ticket\leveldb-1.22\doc\bench\db_bench_tree_db.cc,1,523
46,D:\multiple-dependency-project\train-ticket\leveldb-1.22\helpers\memenv\memenv.cc,1,393
47,D:\multiple-dependency-project\train-ticket\leveldb-1.22\helpers\memenv\memenv_test.cc,1,260
48,D:\multiple-dependency-project\train-ticket\leveldb-1.22\include\leveldb\c.h,1,271
49,D:\multiple-dependency-project\train-ticket\leveldb-1.22\include\leveldb\cache.h,1,112
50,D:\multiple-dependency-project\train-ticket\leveldb-1.22\include\leveldb\comparator.h,1,65
51,D:\multiple-dependency-project\train-ticket\leveldb-1.22\include\leveldb\db.h,1,168
52,D:\multiple-dependency-project\train-ticket\leveldb-1.22\include\leveldb\env.h,1,388
53,D:\multiple-dependency-project\train-ticket\leveldb-1.22\include\leveldb\export.h,1,34
54,D:\multiple-dependency-project\train-ticket\leveldb-1.22\include\leveldb\filter_policy.h,1,73
55,D:\multiple-dependency-project\train-ticket\leveldb-1.22\include\leveldb\iterator.h,1,113
56,D:\multiple-dependency-project\train-ticket\leveldb-1.22\include\leveldb\options.h,1,188
57,D:\multiple-dependency-project\train-ticket\leveldb-1.22\include\leveldb\slice.h,1,116
58,D:\multiple-dependency-project\train-ticket\leveldb-1.22\include\leveldb\status.h,1,123
59,D:\multiple-dependency-project\train-ticket\leveldb-1.22\include\leveldb\table.h,1,85
60,D:\multiple-dependency-project\train-ticket\leveldb-1.22\include\leveldb\table_builder.h,1,94
61,D:\multiple-dependency-project\train-ticket\leveldb-1.22\include\leveldb\write_batch.h,1,84
62,D:\multiple-dependency-project\train-ticket\leveldb-1.22\issues\issue178_test.cc,1,89
63,D:\multiple-dependency-project\train-ticket\leveldb-1.22\issues\issue200_test.cc,1,58
64,D:\multiple-dependency-project\train-ticket\leveldb-1.22\issues\issue320_test.cc,1,129
65,D:\multiple-dependency-project\train-ticket\leveldb-1.22\port\port_example.h,1,105
66,D:\multiple-dependency-project\train-ticket\leveldb-1.22\port\port_stdcxx.h,1,154
67,D:\multiple-dependency-project\train-ticket\leveldb-1.22\port\thread_annotations.h,1,109
68,D:\multiple-dependency-project\train-ticket\leveldb-1.22\table\block.cc,1,267
69,D:\multiple-dependency-project\train-ticket\leveldb-1.22\table\block.h,1,45
70,D:\multiple-dependency-project\train-ticket\leveldb-1.22\table\block_builder.cc,1,109
71,D:\multiple-dependency-project\train-ticket\leveldb-1.22\table\block_builder.h,1,56
72,D:\multiple-dependency-project\train-ticket\leveldb-1.22\table\filter_block.cc,1,107
73,D:\multiple-dependency-project\train-ticket\leveldb-1.22\table\filter_block.h,1,70
74,D:\multiple-dependency-project\train-ticket\leveldb-1.22\table\filter_block_test.cc,1,125
75,D:\multiple-dependency-project\train-ticket\leveldb-1.22\table\format.cc,1,142
76,D:\multiple-dependency-project\train-ticket\leveldb-1.22\table\format.h,1,101
77,D:\multiple-dependency-project\train-ticket\leveldb-1.22\table\iterator.cc,1,77
78,D:\multiple-dependency-project\train-ticket\leveldb-1.22\table\iterator_wrapper.h,1,93
79,D:\multiple-dependency-project\train-ticket\leveldb-1.22\table\merger.cc,1,192
80,D:\multiple-dependency-project\train-ticket\leveldb-1.22\table\table.cc,1,274
81,D:\multiple-dependency-project\train-ticket\leveldb-1.22\table\table_builder.cc,1,266
82,D:\multiple-dependency-project\train-ticket\leveldb-1.22\table\table_test.cc,1,835
83,D:\multiple-dependency-project\train-ticket\leveldb-1.22\table\two_level_iterator.cc,1,172
84,D:\multiple-dependency-project\train-ticket\leveldb-1.22\table\two_level_iterator.h,1,32
85,D:\multiple-dependency-project\train-ticket\leveldb-1.22\util\arena.cc,1,67
86,D:\multiple-dependency-project\train-ticket\leveldb-1.22\util\arena.h,1,72
87,D:\multiple-dependency-project\train-ticket\leveldb-1.22\util\arena_test.cc,1,66
88,D:\multiple-dependency-project\train-ticket\leveldb-1.22\util\bloom.cc,1,93
89,D:\multiple-dependency-project\train-ticket\leveldb-1.22\util\bloom_test.cc,1,157
90,D:\multiple-dependency-project\train-ticket\leveldb-1.22\util\cache.cc,1,401
91,D:\multiple-dependency-project\train-ticket\leveldb-1.22\util\cache_test.cc,1,227
92,D:\multiple-dependency-project\train-ticket\leveldb-1.22\util\coding.cc,1,193
93,D:\multiple-dependency-project\train-ticket\leveldb-1.22\util\coding.h,1,105
94,D:\multiple-dependency-project\train-ticket\leveldb-1.22\util\coding_test.cc,1,197
95,D:\multiple-dependency-project\train-ticket\leveldb-1.22\util\comparator.cc,1,74
96,D:\multiple-dependency-project\train-ticket\leveldb-1.22\util\crc32c.cc,1,381
97,D:\multiple-dependency-project\train-ticket\leveldb-1.22\util\crc32c.h,1,44
98,D:\multiple-dependency-project\train-ticket\leveldb-1.22\util\crc32c_test.cc,1,60
99,D:\multiple-dependency-project\train-ticket\leveldb-1.22\util\env.cc,1,93
100,D:\multiple-dependency-project\train-ticket\leveldb-1.22\util\env_posix.cc,1,877
101,D:\multiple-dependency-project\train-ticket\leveldb-1.22\util\env_posix_test.cc,1,66
102,D:\multiple-dependency-project\train-ticket\leveldb-1.22\util\env_test.cc,1,226
103,D:\multiple-dependency-project\train-ticket\leveldb-1.22\util\env_windows.cc,1,712
104,D:\multiple-dependency-project\train-ticket\leveldb-1.22\util\env_windows_test.cc,1,65
105,D:\multiple-dependency-project\train-ticket\leveldb-1.22\util\hash.cc,1,56
106,D:\multiple-dependency-project\train-ticket\leveldb-1.22\util\hash_test.cc,1,45
107,D:\multiple-dependency-project\train-ticket\leveldb-1.22\util\histogram.cc,1,273
108,D:\multiple-dependency-project\train-ticket\leveldb-1.22\util\histogram.h,1,45
109,D:\multiple-dependency-project\train-ticket\leveldb-1.22\util\logging.cc,1,86
110,D:\multiple-dependency-project\train-ticket\leveldb-1.22\util\logging.h,1,46
111,D:\multiple-dependency-project\train-ticket\leveldb-1.22\util\logging_test.cc,1,144
112,D:\multiple-dependency-project\train-ticket\leveldb-1.22\util\mutexlock.h,1,40
113,D:\multiple-dependency-project\train-ticket\leveldb-1.22\util\no_destructor.h,1,47
114,D:\multiple-dependency-project\train-ticket\leveldb-1.22\util\no_destructor_test.cc,1,48
115,D:\multiple-dependency-project\train-ticket\leveldb-1.22\util\posix_logger.h,1,131
116,D:\multiple-dependency-project\train-ticket\leveldb-1.22\util\random.h,1,64
117,D:\multiple-dependency-project\train-ticket\leveldb-1.22\util\status.cc,1,78
118,D:\multiple-dependency-project\train-ticket\leveldb-1.22\util\status_test.cc,1,41
119,D:\multiple-dependency-project\train-ticket\leveldb-1.22\util\testharness.cc,1,82
120,D:\multiple-dependency-project\train-ticket\leveldb-1.22\util\testharness.h,1,142
121,D:\multiple-dependency-project\train-ticket\leveldb-1.22\util\testutil.cc,1,50
122,D:\multiple-dependency-project\train-ticket\leveldb-1.22\util\testutil.h,1,67
123,D:\multiple-dependency-project\train-ticket\leveldb-1.22\util\windows_logger.h,1,125
124,D:\multiple-dependency-project\train-ticket\leveldb-1.23\db\autocompact_test.cc,1,113
125,D:\multiple-dependency-project\train-ticket\leveldb-1.23\db\builder.cc,1,80
126,D:\multiple-dependency-project\train-ticket\leveldb-1.23\db\builder.h,1,31
127,D:\multiple-dependency-project\train-ticket\leveldb-1.23\db\c.cc,1,567
128,D:\multiple-dependency-project\train-ticket\leveldb-1.23\db\corruption_test.cc,1,363
129,D:\multiple-dependency-project\train-ticket\leveldb-1.23\db\c_test.c,1,387
130,D:\multiple-dependency-project\train-ticket\leveldb-1.23\db\dbformat.cc,1,141
131,D:\multiple-dependency-project\train-ticket\leveldb-1.23\db\dbformat.h,1,219
132,D:\multiple-dependency-project\train-ticket\leveldb-1.23\db\dbformat_test.cc,1,112
133,D:\multiple-dependency-project\train-ticket\leveldb-1.23\db\db_bench.cc,1,984
134,D:\multiple-dependency-project\train-ticket\leveldb-1.23\db\db_impl.cc,1,1551
135,D:\multiple-dependency-project\train-ticket\leveldb-1.23\db\db_impl.h,1,217
136,D:\multiple-dependency-project\train-ticket\leveldb-1.23\db\db_iter.cc,1,310
137,D:\multiple-dependency-project\train-ticket\leveldb-1.23\db\db_test.cc,1,2300
138,D:\multiple-dependency-project\train-ticket\leveldb-1.23\db\dumpfile.cc,1,233
139,D:\multiple-dependency-project\train-ticket\leveldb-1.23\db\fault_injection_test.cc,1,549
140,D:\multiple-dependency-project\train-ticket\leveldb-1.23\db\filename.cc,1,142
141,D:\multiple-dependency-project\train-ticket\leveldb-1.23\db\filename.h,1,85
142,D:\multiple-dependency-project\train-ticket\leveldb-1.23\db\filename_test.cc,1,132
143,D:\multiple-dependency-project\train-ticket\leveldb-1.23\db\leveldbutil.cc,1,64
144,D:\multiple-dependency-project\train-ticket\leveldb-1.23\db\log_format.h,1,36
145,D:\multiple-dependency-project\train-ticket\leveldb-1.23\db\log_reader.cc,1,275
146,D:\multiple-dependency-project\train-ticket\leveldb-1.23\db\log_reader.h,1,113
147,D:\multiple-dependency-project\train-ticket\leveldb-1.23\db\log_test.cc,1,561
148,D:\multiple-dependency-project\train-ticket\leveldb-1.23\db\log_writer.cc,1,112
149,D:\multiple-dependency-project\train-ticket\leveldb-1.23\db\log_writer.h,1,55
150,D:\multiple-dependency-project\train-ticket\leveldb-1.23\db\memtable.cc,1,137
151,D:\multiple-dependency-project\train-ticket\leveldb-1.23\db\memtable.h,1,88
152,D:\multiple-dependency-project\train-ticket\leveldb-1.23\db\recovery_test.cc,1,331
153,D:\multiple-dependency-project\train-ticket\leveldb-1.23\db\repair.cc,1,451
154,D:\multiple-dependency-project\train-ticket\leveldb-1.23\db\skiplist.h,1,383
155,D:\multiple-dependency-project\train-ticket\leveldb-1.23\db\skiplist_test.cc,1,370
156,D:\multiple-dependency-project\train-ticket\leveldb-1.23\db\snapshot.h,1,96
157,D:\multiple-dependency-project\train-ticket\leveldb-1.23\db\table_cache.cc,1,121
158,D:\multiple-dependency-project\train-ticket\leveldb-1.23\db\table_cache.h,1,59
159,D:\multiple-dependency-project\train-ticket\leveldb-1.23\db\version_edit.cc,1,261
160,D:\multiple-dependency-project\train-ticket\leveldb-1.23\db\version_edit.h,1,107
161,D:\multiple-dependency-project\train-ticket\leveldb-1.23\db\version_edit_test.cc,1,45
162,D:\multiple-dependency-project\train-ticket\leveldb-1.23\db\version_set.cc,1,1586
163,D:\multiple-dependency-project\train-ticket\leveldb-1.23\db\version_set.h,1,394
164,D:\multiple-dependency-project\train-ticket\leveldb-1.23\db\version_set_test.cc,1,333
165,D:\multiple-dependency-project\train-ticket\leveldb-1.23\db\write_batch.cc,1,151
166,D:\multiple-dependency-project\train-ticket\leveldb-1.23\db\write_batch_internal.h,1,46
167,D:\multiple-dependency-project\train-ticket\leveldb-1.23\db\write_batch_test.cc,1,138
168,D:\multiple-dependency-project\train-ticket\leveldb-1.23\doc\bench\db_bench_sqlite3.cc,1,715
169,D:\multiple-dependency-project\train-ticket\leveldb-1.23\doc\bench\db_bench_tree_db.cc,1,523
170,D:\multiple-dependency-project\train-ticket\leveldb-1.23\helpers\memenv\memenv.cc,1,393
171,D:\multiple-dependency-project\train-ticket\leveldb-1.23\helpers\memenv\memenv_test.cc,1,260
172,D:\multiple-dependency-project\train-ticket\leveldb-1.23\include\leveldb\c.h,1,271
173,D:\multiple-dependency-project\train-ticket\leveldb-1.23\include\leveldb\cache.h,1,112
174,D:\multiple-dependency-project\train-ticket\leveldb-1.23\include\leveldb\comparator.h,1,65
175,D:\multiple-dependency-project\train-ticket\leveldb-1.23\include\leveldb\db.h,1,168
176,D:\multiple-dependency-project\train-ticket\leveldb-1.23\include\leveldb\env.h,1,388
177,D:\multiple-dependency-project\train-ticket\leveldb-1.23\include\leveldb\export.h,1,34
178,D:\multiple-dependency-project\train-ticket\leveldb-1.23\include\leveldb\filter_policy.h,1,73
179,D:\multiple-dependency-project\train-ticket\leveldb-1.23\include\leveldb\iterator.h,1,113
180,D:\multiple-dependency-project\train-ticket\leveldb-1.23\include\leveldb\options.h,1,188
181,D:\multiple-dependency-project\train-ticket\leveldb-1.23\include\leveldb\slice.h,1,116
182,D:\multiple-dependency-project\train-ticket\leveldb-1.23\include\leveldb\status.h,1,123
183,D:\multiple-dependency-project\train-ticket\leveldb-1.23\include\leveldb\table.h,1,85
184,D:\multiple-dependency-project\train-ticket\leveldb-1.23\include\leveldb\table_builder.h,1,94
185,D:\multiple-dependency-project\train-ticket\leveldb-1.23\include\leveldb\write_batch.h,1,84
186,D:\multiple-dependency-project\train-ticket\leveldb-1.23\issues\issue178_test.cc,1,89
187,D:\multiple-dependency-project\train-ticket\leveldb-1.23\issues\issue200_test.cc,1,58
188,D:\multiple-dependency-project\train-ticket\leveldb-1.23\issues\issue320_test.cc,1,129
189,D:\multiple-dependency-project\train-ticket\leveldb-1.23\port\port_example.h,1,105
190,D:\multiple-dependency-project\train-ticket\leveldb-1.23\port\port_stdcxx.h,1,154
191,D:\multiple-dependency-project\train-ticket\leveldb-1.23\port\thread_annotations.h,1,109
192,D:\multiple-dependency-project\train-ticket\leveldb-1.23\table\block.cc,1,267
193,D:\multiple-dependency-project\train-ticket\leveldb-1.23\table\block.h,1,45
194,D:\multiple-dependency-project\train-ticket\leveldb-1.23\table\block_builder.cc,1,109
195,D:\multiple-dependency-project\train-ticket\leveldb-1.23\table\block_builder.h,1,56
196,D:\multiple-dependency-project\train-ticket\leveldb-1.23\table\filter_block.cc,1,107
197,D:\multiple-dependency-project\train-ticket\leveldb-1.23\table\filter_block.h,1,70
198,D:\multiple-dependency-project\train-ticket\leveldb-1.23\table\filter_block_test.cc,1,125
199,D:\multiple-dependency-project\train-ticket\leveldb-1.23\table\format.cc,1,142
200,D:\multiple-dependency-project\train-ticket\leveldb-1.23\table\format.h,1,101
201,D:\multiple-dependency-project\train-ticket\leveldb-1.23\table\iterator.cc,1,77
202,D:\multiple-dependency-project\train-ticket\leveldb-1.23\table\iterator_wrapper.h,1,93
203,D:\multiple-dependency-project\train-ticket\leveldb-1.23\table\merger.cc,1,192
204,D:\multiple-dependency-project\train-ticket\leveldb-1.23\table\table.cc,1,274
205,D:\multiple-dependency-project\train-ticket\leveldb-1.23\table\table_builder.cc,1,266
206,D:\multiple-dependency-project\train-ticket\leveldb-1.23\table\table_test.cc,1,835
207,D:\multiple-dependency-project\train-ticket\leveldb-1.23\table\two_level_iterator.cc,1,172
208,D:\multiple-dependency-project\train-ticket\leveldb-1.23\table\two_level_iterator.h,1,32
209,D:\multiple-dependency-project\train-ticket\leveldb-1.23\util\arena.cc,1,67
210,D:\multiple-dependency-project\train-ticket\leveldb-1.23\util\arena.h,1,72
211,D:\multiple-dependency-project\train-ticket\leveldb-1.23\util\arena_test.cc,1,66
212,D:\multiple-dependency-project\train-ticket\leveldb-1.23\util\bloom.cc,1,93
213,D:\multiple-dependency-project\train-ticket\leveldb-1.23\util\bloom_test.cc,1,157
214,D:\multiple-dependency-project\train-ticket\leveldb-1.23\util\cache.cc,1,401
215,D:\multiple-dependency-project\train-ticket\leveldb-1.23\util\cache_test.cc,1,227
216,D:\multiple-dependency-project\train-ticket\leveldb-1.23\util\coding.cc,1,193
217,D:\multiple-dependency-project\train-ticket\leveldb-1.23\util\coding.h,1,105
218,D:\multiple-dependency-project\train-ticket\leveldb-1.23\util\coding_test.cc,1,197
219,D:\multiple-dependency-project\train-ticket\leveldb-1.23\util\comparator.cc,1,74
220,D:\multiple-dependency-project\train-ticket\leveldb-1.23\util\crc32c.cc,1,381
221,D:\multiple-dependency-project\train-ticket\leveldb-1.23\util\crc32c.h,1,44
222,D:\multiple-dependency-project\train-ticket\leveldb-1.23\util\crc32c_test.cc,1,60
223,D:\multiple-dependency-project\train-ticket\leveldb-1.23\util\env.cc,1,93
224,D:\multiple-dependency-project\train-ticket\leveldb-1.23\util\env_posix.cc,1,877
225,D:\multiple-dependency-project\train-ticket\leveldb-1.23\util\env_posix_test.cc,1,66
226,D:\multiple-dependency-project\train-ticket\leveldb-1.23\util\env_test.cc,1,226
227,D:\multiple-dependency-project\train-ticket\leveldb-1.23\util\env_windows.cc,1,712
228,D:\multiple-dependency-project\train-ticket\leveldb-1.23\util\env_windows_test.cc,1,65
229,D:\multiple-dependency-project\train-ticket\leveldb-1.23\util\hash.cc,1,56
230,D:\multiple-dependency-project\train-ticket\leveldb-1.23\util\hash_test.cc,1,45
231,D:\multiple-dependency-project\train-ticket\leveldb-1.23\util\histogram.cc,1,273
232,D:\multiple-dependency-project\train-ticket\leveldb-1.23\util\histogram.h,1,45
233,D:\multiple-dependency-project\train-ticket\leveldb-1.23\util\logging.cc,1,86
234,D:\multiple-dependency-project\train-ticket\leveldb-1.23\util\logging.h,1,46
235,D:\multiple-dependency-project\train-ticket\leveldb-1.23\util\logging_test.cc,1,144
236,D:\multiple-dependency-project\train-ticket\leveldb-1.23\util\mutexlock.h,1,40
237,D:\multiple-dependency-project\train-ticket\leveldb-1.23\util\no_destructor.h,1,47
238,D:\multiple-dependency-project\train-ticket\leveldb-1.23\util\no_destructor_test.cc,1,48
239,D:\multiple-dependency-project\train-ticket\leveldb-1.23\util\posix_logger.h,1,131
240,D:\multiple-dependency-project\train-ticket\leveldb-1.23\util\random.h,1,64
241,D:\multiple-dependency-project\train-ticket\leveldb-1.23\util\status.cc,1,78
242,D:\multiple-dependency-project\train-ticket\leveldb-1.23\util\status_test.cc,1,41
243,D:\multiple-dependency-project\train-ticket\leveldb-1.23\util\testharness.cc,1,82
244,D:\multiple-dependency-project\train-ticket\leveldb-1.23\util\testharness.h,1,142
245,D:\multiple-dependency-project\train-ticket\leveldb-1.23\util\testutil.cc,1,50
246,D:\multiple-dependency-project\train-ticket\leveldb-1.23\util\testutil.h,1,67
247,D:\multiple-dependency-project\train-ticket\leveldb-1.23\util\windows_logger.h,1,125
